season_id,round_id,avatar_address,score,created_at,clan_id
3,1,005e571b6c850e38874e5b8ac0a24fe46f315dea,1000,2025-03-19 06:18:28.656494+00,
3,1,00b6a82fd0fbd4a7702519872540b81615966ad0,1000,2025-03-19 06:18:28.656494+00,
3,1,00c60afda147837818c2c943214b098803ad09f0,1000,2025-03-19 06:18:28.656494+00,
3,1,00c6e69776662f4d8637dece8a8aec1c1e24aaaa,1000,2025-03-19 06:18:28.656494+00,
3,1,015ad088da6913c37cd01bc8e704008abc54a985,1000,2025-03-19 06:18:28.656494+00,
3,1,017c1a566e21094091ceb6c2866e9b533f4c1f90,1000,2025-03-19 06:18:28.656494+00,
3,1,0181b81003499844e22b6565f01d73e42c8a29fa,1000,2025-03-19 06:18:28.656494+00,
3,1,01ae7e31a99863001d5033d247ec200202d3951c,1000,2025-03-19 06:18:28.656494+00,
3,1,01f544790188d6a6ba4122aa36adeddd45f36601,1000,2025-03-19 06:18:28.656494+00,
3,1,0201e8abd19ef8a1d8c5107a589c09f84fe61a88,1000,2025-03-19 06:18:28.656494+00,
3,1,0256c5830514a8c9a730f5a9b30d587c64bb5e88,1000,2025-03-19 06:18:28.656494+00,
3,1,02c6c32885f2fd8a578382e6c7d053f8f4e6dab4,1000,2025-03-19 06:18:28.656494+00,
3,1,0301744fac36f7e96f09ecc1d3e92cc842289c2b,1000,2025-03-19 06:18:28.656494+00,
3,1,03071404194e2c2887c752945b556d830d68d1f7,1000,2025-03-19 06:18:28.656494+00,
3,1,0330f9bf675da003fd4d74dbaad8d6b068adb8f7,1000,2025-03-19 06:18:28.656494+00,
3,1,03477972e857ea57d0aea29964114c1bcfdcdf99,1000,2025-03-19 06:18:28.656494+00,
3,1,035ed28392eb812a814852296640ac20f5a88880,1000,2025-03-19 06:18:28.656494+00,
3,1,03a08c7ab980cb5493cfd2759b43ca67db3ff7ba,1000,2025-03-19 06:18:28.656494+00,
3,1,03baa7571508a1ca67d6d4de82a131e8dc04ed99,1000,2025-03-19 06:18:28.656494+00,
3,1,0452fb65c44e0eef22ea63d60251a538ea3c6d20,1000,2025-03-19 06:18:28.656494+00,
3,1,049e5206ba95434b7d59ac240e4f4ff023b3c8c0,1000,2025-03-19 06:18:28.656494+00,
3,1,04ceccb3ea2e2dc501967936d85f137ce6d82b3f,1000,2025-03-19 06:18:28.656494+00,
3,1,04d0dd65560554e6759fc57a9541e5c96b24d06f,1000,2025-03-19 06:18:28.656494+00,
3,1,04d48fd7ec0f17d2166528bc523fdb7048317604,1000,2025-03-19 06:18:28.656494+00,
3,1,04dd82f88f7c67e3792b13966ebb3ec848f7631a,1000,2025-03-19 06:18:28.656494+00,
3,1,05224f6401574a75199eb7d38380402280e9047a,1000,2025-03-19 06:18:28.656494+00,
3,1,0527c6fc24b7bba4bce88ef16f141e7d61f58bf9,1000,2025-03-19 06:18:28.656494+00,
3,1,054cf2fec0b597bf1bbc62524a2a02f58e73c7c5,1000,2025-03-19 06:18:28.656494+00,
3,1,05583494c1e9bcb31138269e2aa1d4e1326c464e,1000,2025-03-19 06:18:28.656494+00,
3,1,056f8946ac73667d5e693bf59853281e4090a07c,1000,2025-03-19 06:18:28.656494+00,
3,1,057137003ea9d1a2fa39b245f22e3d3d7f2053b6,1000,2025-03-19 06:18:28.656494+00,
3,1,058fc0df20a649716c67f8af1ef373682de5a175,1000,2025-03-19 06:18:28.656494+00,
3,1,05d81f1fa0e192ee77133700f720856aa13c7483,1000,2025-03-19 06:18:28.656494+00,
3,1,05f3dcf58ebe004d0eea0be2bdf752c7e50186cf,1000,2025-03-19 06:18:28.656494+00,
3,1,060071abd91c757962436251b8ee40250de19c6b,1000,2025-03-19 06:18:28.656494+00,
3,1,0662f8344d708ba269028f321b72de5a046bb0de,1000,2025-03-19 06:18:28.656494+00,
3,1,0685400b0b8432a9b16ecc6e7fe539c9ff2b4a45,1000,2025-03-19 06:18:28.656494+00,
3,1,06977724f6d9073ab6e1b4d78a5996015b0a36b7,1000,2025-03-19 06:18:28.656494+00,
3,1,06f50e7a774ccde99b076f8cda97223fbd5f87f5,1000,2025-03-19 06:18:28.656494+00,
3,1,0724763e071d07cfb9ff72e8587c13f2a531da6c,1000,2025-03-19 06:18:28.656494+00,
3,1,072cb0bb2bafc8904775ce2672db2c2faf90a51f,1000,2025-03-19 06:18:28.656494+00,
3,1,07725109a0be1c71a8e0ed51dc6898ba53131ba6,1000,2025-03-19 06:18:28.656494+00,
3,1,078a1f50903bd3c73b33614d5d6605c4b04facc6,1000,2025-03-19 06:18:28.656494+00,
3,1,07e7724b32e0471466efc5b51abd350d189438dc,1000,2025-03-19 06:18:28.656494+00,
3,1,07f140832b82379d870bdcea52af654cd853aace,1000,2025-03-19 06:18:28.656494+00,
3,1,0899b8ee66cce48c78aa5ba1238ea7feb058a49f,1000,2025-03-19 06:18:28.656494+00,
3,1,08d66a10ad118ef4e4cad674f0fb570d7085126a,1000,2025-03-19 06:18:28.656494+00,
3,1,09c25b5b86ceb6af5b953ca37cc08c72ca684672,1000,2025-03-19 06:18:28.656494+00,
3,1,0a76742a00c81d34370a7b4e1a06ee46e1c031da,1000,2025-03-19 06:18:28.656494+00,
3,1,0abb7a6951e462b7c61be6d6b0d6ce6883593fc2,1000,2025-03-19 06:18:28.656494+00,
3,1,0acefc05288289af43a5dc367670d1f0d35d0bb1,1000,2025-03-19 06:18:28.656494+00,
3,1,0af6ad23ddd613f95ed829a29d29b4d534bc4be4,1000,2025-03-19 06:18:28.656494+00,
3,1,0b3729eedb2ee3a0424fdb6a810f8d4b98582272,1000,2025-03-19 06:18:28.656494+00,
3,1,0b4542c40fd3f5d61bfd4a318d604ce6148efe0e,1000,2025-03-19 06:18:28.656494+00,
3,1,0bb8e6ccd9b7a1991d92586323dbec9d0d3a41be,1000,2025-03-19 06:18:28.656494+00,
3,1,0bd9d605f50527c4806f292f2ee870d41f80132a,1000,2025-03-19 06:18:28.656494+00,
3,1,0bdb609432eff2bbd0c7c07c082b403491597c26,1000,2025-03-19 06:18:28.656494+00,
3,1,0c033653e1bdf3c1e9241d2c44c4e0403a262ad5,1000,2025-03-19 06:18:28.656494+00,
3,1,0c14147b5d5aec964f144db88d9395523f5db295,1000,2025-03-19 06:18:28.656494+00,
3,1,0c1a835031ba19d0fec0ffdc8cd98b0c30c406a9,1000,2025-03-19 06:18:28.656494+00,
3,1,0d3dfe2260884721197899484b33c8f1f57e9181,1000,2025-03-19 06:18:28.656494+00,
3,1,0d61e94ec04063a7aa3ec8787dccb39758ce0443,1000,2025-03-19 06:18:28.656494+00,
3,1,0db255aae55cfdc67ea75d889cb62c10651649e8,1000,2025-03-19 06:18:28.656494+00,
3,1,0dbe7012156503ab868ed266a313c2ccf03c7806,1000,2025-03-19 06:18:28.656494+00,
3,1,0e986c8755458eff322aef6870fd3f0c2890476d,1000,2025-03-19 06:18:28.656494+00,
3,1,0e9d5f7429f588086b6135669e85d26b5d889d12,1000,2025-03-19 06:18:28.656494+00,
3,1,0ee24d0989ef0f58a93c3a55096aca1a1ce4bf61,1000,2025-03-19 06:18:28.656494+00,
3,1,0f3f3d5f3d9bd92d1a53b68e5044924c82f750f3,1000,2025-03-19 06:18:28.656494+00,
3,1,0fb7d9aee6b458ed42bd691f94dfa13cc91877bf,1000,2025-03-19 06:18:28.656494+00,
3,1,107d038434d03a233ec878b5ee98d6a6f30662bf,1000,2025-03-19 06:18:28.656494+00,
3,1,10c13dabfc7e8c82ec66580f7ec6840d042d0fd1,1000,2025-03-19 06:18:28.656494+00,
3,1,10fa56a2eb93a00cfba4e24d1642f84e5361cb0a,1000,2025-03-19 06:18:28.656494+00,
3,1,1157bac00e3992caa40da4bc07943b73a53ba713,1000,2025-03-19 06:18:28.656494+00,
3,1,1189f568c7cdea10e3a053e8f84021e581e01af3,1000,2025-03-19 06:18:28.656494+00,
3,1,11989b4a3b62bd4f8d31a5e1778faf234aafd6db,1000,2025-03-19 06:18:28.656494+00,
3,1,11bf50cbbefa388c13bb849cd7acfd47ef3961f5,1000,2025-03-19 06:18:28.656494+00,
3,1,11f2e5a3157e4af7e573c2acf03d32b4f2d0e47c,1000,2025-03-19 06:18:28.656494+00,
3,1,1282c2cf9b127fc34a58090ed005a566893256a6,1000,2025-03-19 06:18:28.656494+00,
3,1,12a0d6480f4082e75c9d71a487b941937ccf163d,1000,2025-03-19 06:18:28.656494+00,
3,1,12b5a8533012772765cb1736d752be1e11887005,1000,2025-03-19 06:18:28.656494+00,
3,1,133fe47802c77049e6fd9487ad6b3816fd12af03,1000,2025-03-19 06:18:28.656494+00,
3,1,135f34a89607f6c7727b46fcb7b8406895732e77,1000,2025-03-19 06:18:28.656494+00,
3,1,13a5dffda0c059754bd18adaa3d1675ee251f211,1000,2025-03-19 06:18:28.656494+00,
3,1,13cfe4ff836dbf0ca36abddfcb3da96e78392739,1000,2025-03-19 06:18:28.656494+00,
3,1,13de4c39d71d7e3c215c35e4d96a7300e484b0d7,1000,2025-03-19 06:18:28.656494+00,
3,1,13deb58d207e97dbdc47c6f1b4691211c83cfa7c,1000,2025-03-19 06:18:28.656494+00,
3,1,13eb76bc964c58960b1e4ee7199222487f7c5662,1000,2025-03-19 06:18:28.656494+00,
3,1,144cdb7d9807eff597726e337c42e5cd8a8fdfdc,1000,2025-03-19 06:18:28.656494+00,
3,1,147ec77029d9ba0dffbdc2bd6ba6a8954ed9c6f4,1000,2025-03-19 06:18:28.656494+00,
3,1,14aa6d7245c50fffe545378970f694de0a5977a5,1000,2025-03-19 06:18:28.656494+00,
3,1,14dde8eca577f97e5ca581f29f2f9f955b08554e,1000,2025-03-19 06:18:28.656494+00,
3,1,14e30b850dbe3cbff7acaebaeec1d64bce720ad5,1000,2025-03-19 06:18:28.656494+00,
3,1,1512f55777e3b43f3a27faa1f96827f2bb98171c,1000,2025-03-19 09:46:49.058976+00,
3,1,151ad3bfffb9c355fd7ab07a1f11773d39182cd6,1000,2025-03-19 06:18:28.656494+00,
3,1,159cc09b6b0c2fd9de8a145e522ea3fa1298cff2,1000,2025-03-19 06:18:28.656494+00,
3,1,1607fc55eab0affdcbf38aedaa3f71fdf39a437e,1000,2025-03-19 06:18:28.656494+00,
3,1,161214240ad157a5ad23a1ce43a2f25cdc4c8bf5,1000,2025-03-19 06:18:28.656494+00,
3,1,16d29920ff1d8b4a85af04bf94b098e1e0042194,1000,2025-03-19 06:18:28.656494+00,
3,1,16efbd4aefd9327ab778c2f7065122e3f80cf894,1000,2025-03-19 06:18:28.656494+00,
3,1,170142722c0d6e152b1e044ebe4d29c72fa9c418,1000,2025-03-19 06:18:28.656494+00,
3,1,170d3956e3702e7a38cd099fc0e30aade4cdec0f,1000,2025-03-19 06:18:28.656494+00,
3,1,170e1f4733aefb77d3a4faca581b8c5837425d96,1000,2025-03-19 06:18:28.656494+00,
3,1,1738cf41113e98bacd424db9b82f4a3904b26e6c,1000,2025-03-19 06:18:28.656494+00,
3,1,178b45c19310dc562ca80e50b6def3b65b486b51,1000,2025-03-19 06:18:28.656494+00,
3,1,17a0ef112e7c102ba375caa9d276232d39195afe,1000,2025-03-19 06:18:28.656494+00,
3,1,18040b0ed0d4861bfd2166d4477b8ad1aa76963b,1000,2025-03-19 06:18:28.656494+00,
3,1,1865c6674f59c41d143dafdd50bd62fa2f620aba,1000,2025-03-19 06:18:28.656494+00,
3,1,187cb4f6abd56f694038d029d1819cb13afc5614,1000,2025-03-19 06:18:28.656494+00,
3,1,18b193b33ac27a0b7f0bff56e0774af5b42bbf95,1000,2025-03-19 06:18:28.656494+00,
3,1,18e46edf862054bf2dcbb28e709eaa5435b42200,1000,2025-03-19 06:18:28.656494+00,
3,1,1910459327b6187627b886d2ff17963d87e9b04c,1000,2025-03-19 06:18:28.656494+00,
3,1,19326abe59e7115290cf0c69d295c542e2cf973a,1000,2025-03-19 06:18:28.656494+00,
3,1,194b7c56ec0f96c91cf50e8eb372146b51132610,1000,2025-03-19 09:41:09.226744+00,
3,1,199659dc0f544df957eb67ef371d0d5e8d5e3d33,1000,2025-03-19 06:18:28.656494+00,
3,1,19be5576235fe2eeec44a81017d052839ef649ac,1000,2025-03-19 06:18:28.656494+00,
3,1,19f60d6a4c24462a0865e2f63574ca028a88acb7,1000,2025-03-19 06:18:28.656494+00,
3,1,1a067e24770b6780f5673dabfe19460a22482e3a,1000,2025-03-19 06:18:28.656494+00,
3,1,1a155c59a73d024a70ca9fe280ba719359072170,1000,2025-03-19 06:18:28.656494+00,
3,1,1a2677eaf3fb5e85596b196aa491e55478f8037b,1000,2025-03-19 06:18:28.656494+00,
3,1,1a59113f61e714d0d6ff40a6beeeb798010e837d,1000,2025-03-19 06:18:28.656494+00,
3,1,1b449f6bffbfe22efdb7ba14f4495fb281308d6e,1000,2025-03-19 06:18:28.656494+00,
3,1,1b7d5a7ce62189b238d85d1c2f8fffe5b7aee2e1,1000,2025-03-19 06:18:28.656494+00,
3,1,1b99b84ef0aeb478defd030afc76b229eb4c2a83,1000,2025-03-19 06:18:28.656494+00,
3,1,1bc2bba66a0bbdecf4450408eb0eeb9bab635634,1000,2025-03-19 06:18:28.656494+00,
3,1,1c0a7cbffe468aac00f3838b66998ca4d3758b33,1000,2025-03-19 06:18:28.656494+00,
3,1,1c104a92e6c62b9c605290e014ca2e39ceff7d74,1000,2025-03-19 06:18:28.656494+00,
3,1,1c5ce6f72bb72de19443e4eed88521c1d19a5100,1000,2025-03-19 06:18:28.656494+00,
3,1,1c6bc04ce370b11eb44612e0665c50593250fc53,1000,2025-03-19 06:18:28.656494+00,
3,1,1c9f24f3bcd6d873944d56b72915382279037b70,1000,2025-03-19 06:18:28.656494+00,
3,1,1cb92dc1938c0b78c8787d352ef5206cff267efc,1000,2025-03-19 06:18:28.656494+00,
3,1,1cd9ed41fa4101e6cc2c7f5c083fc02fc983a705,1000,2025-03-19 06:18:28.656494+00,
3,1,1ce6e0f2c6fed318af3117981a01436bbf40669f,1000,2025-03-19 06:18:28.656494+00,
3,1,1d0279f8e5d97d21bf3cc9bd0eca3802b004eb2a,1000,2025-03-19 06:18:28.656494+00,
3,1,1d431c53efe2ea00aaf268d00962ea7c6ce98301,1000,2025-03-19 06:18:28.656494+00,
3,1,1d4afb4430a89fbca24923552736e6e1d8dc9cfd,1000,2025-03-19 06:18:28.656494+00,
3,1,1e376a944e632613a990267dd869225129427b12,1000,2025-03-19 06:18:28.656494+00,
3,1,1e4e298420fcff01f9e61878cbefb029708cafae,1000,2025-03-19 06:18:28.656494+00,
3,1,1e51007a007047dd149507acd3950e3c7f1c0337,1000,2025-03-19 06:18:28.656494+00,
3,1,1e637f9973350d5103b2c730f9429ea65823f0a1,1000,2025-03-19 06:18:28.656494+00,
3,1,1eb6c9104156e9b4e3fa63862751f11ae0c02233,1000,2025-03-19 06:18:28.656494+00,
3,1,1ecd119a9d775b77d57cd37c0b5acde6a3f84d9e,1000,2025-03-19 06:18:28.656494+00,
3,1,1f4af413f3c0e106a352e2875bec9f1b53539951,1000,2025-03-19 06:18:28.656494+00,
3,1,1f4e9194c1aa1c2fce5f3380e718dab009921bdd,1000,2025-03-19 06:18:28.656494+00,
3,1,1f6adbe3edcceb8466fac4e3863c2f9e6fa21b46,1000,2025-03-19 06:18:28.656494+00,
3,1,1f7c99e0a6359b7dd69f43f4b7e2c0bd37f9a227,1000,2025-03-19 06:18:28.656494+00,
3,1,1fd0a0e23022b624cea648eab496db767aa53bfe,1000,2025-03-19 06:18:28.656494+00,
3,1,20162beaf4bcaa693e307cbf619f9ff325d94c91,1000,2025-03-19 06:18:28.656494+00,
3,1,2020bf7d1efbdda3154df69404764f291798f058,1000,2025-03-19 06:18:28.656494+00,
3,1,20223d07abd528605cea9ea344e4c4768559f27a,1000,2025-03-19 06:18:28.656494+00,
3,1,20417789839b80b74b0dc7c3049a9195373e5751,1000,2025-03-19 06:18:28.656494+00,
3,1,208f45c704c6ac82c0be8eb9641c17cee73a0191,1000,2025-03-19 06:18:28.656494+00,
3,1,20b85525f020a9ae8f7096cb33468f2880d0bdfe,1000,2025-03-19 06:18:28.656494+00,
3,1,21142492c3e473383cecc085cab9b6c49c2f7ba8,1000,2025-03-19 06:18:28.656494+00,
3,1,214b7da5bc8d78735bc3cdc722c56646735a6025,1000,2025-03-19 06:18:28.656494+00,
3,1,221fb30fa02b686a5e2898ac740725e69e4f633a,1000,2025-03-19 06:18:28.656494+00,
3,1,22d655627c6ccc29851fa1fc6f942760d4426c8a,1000,2025-03-19 06:18:28.656494+00,
3,1,22ea4344479679cdb58fcdbb3994981212e0ccc6,1000,2025-03-19 06:18:28.656494+00,
3,1,2333a7225f5db025af9bbd351d085422b86c876c,1000,2025-03-19 06:18:28.656494+00,
3,1,23b14beaf23863494e402d1e7f677f2905bf6be8,1000,2025-03-19 06:18:28.656494+00,
3,1,23c34c666484a87437be439e96ef89d555270412,1000,2025-03-19 06:18:28.656494+00,
3,1,23d9887583dba4ac0b08c85575cc4671839cc06b,1000,2025-03-19 06:18:28.656494+00,
3,1,23ded23bf794ed93d7e37c40ecc4271e9e604d65,1000,2025-03-19 06:18:28.656494+00,
3,1,24557eff53e3bb5c24bb143935f32ee6ef01afe0,1000,2025-03-19 06:18:28.656494+00,
3,1,2465457b089aa2b0c259892a1e88392251d49b8c,1000,2025-03-19 06:18:28.656494+00,
3,1,24d5de90cd7ea536eeabb9e64bebceed1d5ec900,1000,2025-03-19 06:18:28.656494+00,
3,1,24ed584003970ef661c06cc4890338712b9452b4,1000,2025-03-19 06:18:28.656494+00,
3,1,24fb2d96e0152a102893a056072d45c7f9f20aec,1000,2025-03-19 06:18:28.656494+00,
3,1,2508751b01a647bd7470ca4f260c7da363111dac,1000,2025-03-19 06:18:28.656494+00,
3,1,2537c713e37efb414e449085683ac1647710c66a,1000,2025-03-19 06:18:28.656494+00,
3,1,259d3179bed313db24105c796cc121db49e9ee4e,1000,2025-03-19 06:18:28.656494+00,
3,1,25af5f9cf6bc6c6a6dd57336ec81b41ba5ec0e4b,1000,2025-03-19 06:18:28.656494+00,
3,1,25b24f81cd6da3433e337857fcbdd8b0ae43df69,1000,2025-03-19 06:18:28.656494+00,
3,1,2692d73a42627f137b42cc819726f25580a23137,1000,2025-03-19 06:18:28.656494+00,
3,1,2697570179c1220b67d9b803c5422187dc2d10c1,1000,2025-03-19 06:18:28.656494+00,
3,1,269d027b66be7bdcff5ef8ab783e67e664041215,1000,2025-03-19 06:18:28.656494+00,
3,1,26d8dccbe35368215282312b1ff730a9fca5a8a2,1000,2025-03-19 06:18:28.656494+00,
3,1,2765b64b61818f86337cb48f2175946190e6cab0,1000,2025-03-19 06:18:28.656494+00,
3,1,2775bee8c66a2ccd307c1904e995b3d7ebe84999,1000,2025-03-19 06:18:28.656494+00,
3,1,2782797136f18027bcc6206137a8f4e47029227a,1000,2025-03-19 06:18:28.656494+00,
3,1,286d82423290b6095325cb3db1b7c3a00f10aa49,1000,2025-03-19 06:18:28.656494+00,
3,1,28b1fd6f00353c54ed1221f342cb5094d09a2409,1000,2025-03-19 06:18:28.656494+00,
3,1,28dffb668e40d83662e0dc11de380f505dc987ea,1000,2025-03-19 06:18:28.656494+00,
3,1,29695a6621330325b7817b268b1197ec64bf8c01,1000,2025-03-19 06:18:28.656494+00,
3,1,2a588ba44e805bd5d14ab464b055ae80e33c726f,1000,2025-03-19 06:18:28.656494+00,
3,1,2aaf3d9417b5cce6613facb49283b7868c9c6a48,1000,2025-03-19 06:18:28.656494+00,
3,1,2b16283ee26bd41622e8a67e81652c0d29b88cea,1000,2025-03-19 06:18:28.656494+00,
3,1,2b282fa7f5f5747ff50c14d3309145a2bda44b4f,1000,2025-03-19 06:18:28.656494+00,
3,1,2b47eaa0626f14fc9815a278d7432b303723c1ab,1000,2025-03-19 06:18:28.656494+00,
3,1,2ba60afb205dfb1bf93be7757452e8f91471d16c,1000,2025-03-19 06:18:28.656494+00,
3,1,2bac48b60ca0e441b83575b0f8533d97b59e973d,1000,2025-03-19 06:18:28.656494+00,
3,1,2bac51b7ca836f6a6d3392d15116fcdd067a09fd,1000,2025-03-19 06:18:28.656494+00,
3,1,2bc685ffb0fcb4d8bc9bd13dd409b4335f24d76e,1000,2025-03-19 06:18:28.656494+00,
3,1,2bde765d3042bee061dc9fa337b7be7308e36c2a,1000,2025-03-19 06:18:28.656494+00,
3,1,2be3b2aa8a5657a3fe560a2b9583e977f4ea4f4d,1000,2025-03-19 06:18:28.656494+00,
3,1,2c115546eafa57fb7416746336b37ec56bd50a6d,1000,2025-03-19 06:18:28.656494+00,
3,1,2c2e84eb443ad7b3a222800422ade20aa20a479f,1000,2025-03-19 06:18:28.656494+00,
3,1,2cb040b7555b720b649e93f59154cf1067363287,1000,2025-03-19 06:18:28.656494+00,
3,1,2d7f180ac1a5c7c5492597227eb24ef8f8dd4395,1000,2025-03-19 06:18:28.656494+00,
3,1,2d930d4d007fb6b48ffc7573072f86d89e1e4181,1000,2025-03-19 06:18:28.656494+00,
3,1,2db02d98129daacbb9730e5147f3fe10505f8d65,1000,2025-03-19 06:18:28.656494+00,
3,1,2dc7bf735e754069287d0c7093bf64915b8678dc,1000,2025-03-19 06:18:28.656494+00,
3,1,2e253a8e7892f1fc3acde71906d756c065fc463b,1000,2025-03-19 06:18:28.656494+00,
3,1,2e2cfc19de04f9c1d912570becd4cb13e73b02fa,1000,2025-03-19 06:18:28.656494+00,
3,1,2e70ccea5c2e3fa4113d2820eb6b4a7323914d09,1000,2025-03-19 06:18:28.656494+00,
3,1,2e9c25367b9305de7da9285203e9ed842865548d,1000,2025-03-19 06:18:28.656494+00,
3,1,2f06db0fc862a66749407a75aa817781ed6752a8,1000,2025-03-19 06:18:28.656494+00,
3,1,2f33492b6153c29d935c766d2d2f4767bae18d66,1000,2025-03-19 06:18:28.656494+00,
3,1,2f3d3f0bd10eaaa0fc7f9a4394f45429811f4552,1000,2025-03-19 06:18:28.656494+00,
3,1,2fc45341e7b75fce8d99dab7f4ad81da5b019453,1000,2025-03-19 06:18:28.656494+00,
3,1,30234a4639ac7ffe00b0867ba78a35f8d0aa43de,1000,2025-03-19 06:18:28.656494+00,
3,1,3067092b1674605ba3eb43dcba613e975ffbec8a,1000,2025-03-19 06:18:28.656494+00,
3,1,30672cd7e1529dca4f717ff0db7eac7fa8412e14,1000,2025-03-19 06:18:28.656494+00,
3,1,30820f7ec1f2c6a64332df3969d56356cb75c5e5,1000,2025-03-19 06:18:28.656494+00,
3,1,313b0a8572f0d3da51bc1963a38bfc3e65ba99ba,1000,2025-03-19 06:18:28.656494+00,
3,1,316b3e975201fe2817efa2d5f79f09b4651f3210,1000,2025-03-19 06:18:28.656494+00,
3,1,31716dadc473c1a98a2d1961da3abfb540b83225,1000,2025-03-19 06:18:28.656494+00,
3,1,31dbe186186e0780ebd71f12c67126b1c45e3d7e,1000,2025-03-19 06:18:28.656494+00,
3,1,3202e215556b6b759f3a3c2e5665fd83be659d97,1000,2025-03-19 06:18:28.656494+00,
3,1,321c4b33a2c36da7f569f180d8eca820a799aa76,1000,2025-03-19 06:18:28.656494+00,
3,1,32576de968447b34e291303021024db516ef58b2,1000,2025-03-19 06:18:28.656494+00,
3,1,329da3bac9fb27d99255c9f42c2e4d720b09e953,1000,2025-03-19 06:18:28.656494+00,
3,1,32aedd0ed40c022e866168f832fbd6052e6988a1,1000,2025-03-19 06:18:28.656494+00,
3,1,32fa3081552d6afb57bee7d0c45a73c00ef03d0c,1000,2025-03-19 06:18:28.656494+00,
3,1,335859ab48df250fb325f8bb7f337be82b237b12,1000,2025-03-19 06:18:28.656494+00,
3,1,33895bb9adff3851863fb60c50aae1bb7a235410,1000,2025-03-19 06:18:28.656494+00,
3,1,33936d2608cc6401cef88456617fbaa71253b280,1000,2025-03-19 06:18:28.656494+00,
3,1,33b64565710906fa61f6596d4ce3f6ccce7abeff,1000,2025-03-19 06:18:28.656494+00,
3,1,33c26da086603eb3bf332e705dafb92db9a5ec72,1000,2025-03-19 06:18:28.656494+00,
3,1,340d00ffde5fd92f3bf5023a146864c073b38b8e,1000,2025-03-19 06:18:28.656494+00,
3,1,341cc8d7346b735ca99fa5e6c1212bd9d4a12885,1000,2025-03-19 06:18:28.656494+00,
3,1,352d7a33095b29358dd6b887eea032d197458f11,1000,2025-03-19 06:18:28.656494+00,
3,1,357e44545d423c1e96e7299eb69fcf3246bf4d53,1000,2025-03-19 06:18:28.656494+00,
3,1,35ae730000666aa1558af5ecc83025c73ae1573b,1000,2025-03-19 06:18:28.656494+00,
3,1,35b0dc03da267a48487a96ad4e91556e5023082c,1000,2025-03-19 06:18:28.656494+00,
3,1,35bddcaef4e6df08fb2d8a2bb3f9a60adc4f5bc5,1000,2025-03-19 06:18:28.656494+00,
3,1,35c9e63e89ea231b644db8f60df23c79cd4c64ea,1000,2025-03-19 06:18:28.656494+00,
3,1,360c57ba8ac1376931ce487aaa2b07aae7e5b36e,1000,2025-03-19 06:18:28.656494+00,
3,1,3614521b77116568211b70d109a2822c15ec5044,1000,2025-03-19 06:18:28.656494+00,
3,1,3678ad1858ba1636ffb586c790cfaf10bbfdb9c2,1000,2025-03-19 06:18:28.656494+00,
3,1,368799d6c1fc180bc6053fc76816563f8a3ebcf5,1000,2025-03-19 06:18:28.656494+00,
3,1,3767e8e4be572e8267a9a6b88209c513e7d74ee1,1000,2025-03-19 06:18:28.656494+00,
3,1,378456bc56cde04aaa1729a253bc3af6dd088f93,1000,2025-03-19 06:18:28.656494+00,
3,1,379cfbbde13bec8a83822a42aa4b472f44135463,1000,2025-03-19 06:18:28.656494+00,
3,1,37a2432bc68a5595e2223e18ddb4191c8bc8f4c0,1000,2025-03-19 06:18:28.656494+00,
3,1,37a72032237350d9625e9ca69d8f109e46ff395f,1000,2025-03-19 06:18:28.656494+00,
3,1,3844c9e2f0e2f8db30cf14e7bac572211f7d208b,1000,2025-03-19 06:18:28.656494+00,
3,1,38d87332664c575a4a79adcfae8a45e26b2527ec,1000,2025-03-19 06:18:28.656494+00,
3,1,39535212f5cfdafff29345b267039ed411c060dd,1000,2025-03-19 06:18:28.656494+00,
3,1,3a24f80fb9c081729840c79d34f239224f61c405,1000,2025-03-19 06:18:28.656494+00,
3,1,3a2a6cbba6691dc624ab983f957263969e65f385,1000,2025-03-19 06:18:28.656494+00,
3,1,3a8dd8aa9394d8cd4f8fb441878cc729127d50fe,1000,2025-03-19 06:18:28.656494+00,
3,1,3ad3f42ef949f075a79cfa9b601dfce1a209f2b2,1000,2025-03-19 06:18:28.656494+00,
3,1,3b5d672c717ca97478a0b6f8b8464d34d63815ee,1000,2025-03-19 06:18:28.656494+00,
3,1,3b7ed785bd40b978800a982af5648ad141a4e60b,1000,2025-03-19 06:18:28.656494+00,
3,1,3baf1dc839f9e3819c472d83a072ed9562f0d14c,1000,2025-03-19 06:18:28.656494+00,
3,1,3c2af70ccf6b4e765e69dcddd7bb89788f4ebb67,1000,2025-03-19 06:18:28.656494+00,
3,1,3c765bb40336e7f62c0e6ce4b3db2a09f1c0a099,1000,2025-03-19 06:18:28.656494+00,
3,1,3cc898dc7ab2a927218adb6b5af26c49799198ad,1000,2025-03-19 06:18:28.656494+00,
3,1,3cd9533e436f1ad720a0ece428742f5c6d5f8a1a,1000,2025-03-19 06:18:28.656494+00,
3,1,3d22adbe8648b6b07c7abef65816d212348678f0,1000,2025-03-19 06:18:28.656494+00,
3,1,3d360b11ae4952b67f5fe945cc649df5bcff0045,1000,2025-03-19 06:18:28.656494+00,
3,1,3d80942bab6086f811ed3629d168be5aae836bcb,1000,2025-03-19 06:18:28.656494+00,
3,1,3d8d5df41ac617b732de277a50d2792545e11cd3,1000,2025-03-19 06:18:28.656494+00,
3,1,3d91833f2d44a61399b157bf41a592947bfc4168,1000,2025-03-19 06:18:28.656494+00,
3,1,3dc11702b4e1d41ac165c5412ee4a8551d1155a7,1000,2025-03-19 06:18:28.656494+00,
3,1,3e0eedf39726c28258a40c37935efedc16cbe6b1,1000,2025-03-19 06:18:28.656494+00,
3,1,3eb40a540defb479703d864f51b4c1a2d650867b,1000,2025-03-19 06:18:28.656494+00,
3,1,3eca213df526a369eea40cfbf6f59b91db4d809f,1000,2025-03-19 06:18:28.656494+00,
3,1,3edb8ca2f7858fceb02c7b324579bf59e735a108,1000,2025-03-19 06:18:28.656494+00,
3,1,3ef1f2af90a491c414f8b3c2cce71bbf0c052018,1000,2025-03-19 06:18:28.656494+00,
3,1,3f45a5c2daa737844dddccf688f3f05bbebc1f44,1000,2025-03-19 06:18:28.656494+00,
3,1,3f57dcdc36d28b5a04c469d94f787b319cf4a4a1,1000,2025-03-19 06:18:28.656494+00,
3,1,3f5868a95c82cb1eb919613089921a226f6e0d18,1000,2025-03-19 06:18:28.656494+00,
3,1,3fb400aa0b620db9b3abb70bd048df5a5819cb25,1000,2025-03-19 06:18:28.656494+00,
3,1,3feff521584e06cfe1d03dfe7cd30a25c736fea1,1000,2025-03-19 06:18:28.656494+00,
3,1,3ff2bb883383e8d7839d6bd3ccfb997518fe0b50,1000,2025-03-19 06:18:28.656494+00,
3,1,403e9e0b68e333b6bf73b2267f11522166db1955,1000,2025-03-19 06:18:28.656494+00,
3,1,4050021f9800a8d1af225e4de8aea02ab9aedfc2,1000,2025-03-19 06:18:28.656494+00,
3,1,4070b2cf13e5826f8a4a49be507a873480d02d86,1000,2025-03-19 06:18:28.656494+00,
3,1,40cddba65cf92126cf754edfa9f7e3ded972c4f4,1000,2025-03-19 06:18:28.656494+00,
3,1,4162118ee6c5caf5dfca8472702f5d95564a30ac,1000,2025-03-19 06:18:28.656494+00,
3,1,4173574133a8e51bfbca8f3ec4dfc2828db511a1,1000,2025-03-19 06:18:28.656494+00,
3,1,41e124dad754c8f755027906166bf29ac2807c17,1000,2025-03-19 06:18:28.656494+00,
3,1,42421ab4eb3e509a10d3c9d9e902c0ab729f4a3b,1000,2025-03-19 06:18:28.656494+00,
3,1,424a4cb8ed50e2e61875249d48d9d7542e45c3f5,1000,2025-03-19 06:18:28.656494+00,
3,1,43880f5c0b898f348e2c25e4c0d8cbffef976799,1000,2025-03-19 06:18:28.656494+00,
3,1,43f17b17b35d15ae3196db93993dd4f313fa121c,1000,2025-03-19 06:18:28.656494+00,
3,1,441c35d0472eb6522316294416c1009f623e54cc,1000,2025-03-19 06:18:28.656494+00,
3,1,44d17abf4457b7c60bde25d145e9e4748846d973,1000,2025-03-19 06:18:28.656494+00,
3,1,453446acd9d4325d8a667cbf8218fdb1a95f2e4b,1000,2025-03-19 06:18:28.656494+00,
3,1,458c42c82541404b88d98c3ed48ab26552e32e19,1000,2025-03-19 06:18:28.656494+00,
3,1,460ee0f4cda1e4f19f88ba61b319fdfd3090770d,1000,2025-03-19 06:18:28.656494+00,
3,1,464df81b28ddfb613bc283153dcd2b74eadc4b66,1000,2025-03-19 06:18:28.656494+00,
3,1,467c1c64e3472da6da732e429d32cc273d731c77,1000,2025-03-19 06:18:28.656494+00,
3,1,46a5ee1dd29f4b1e9074a3751a873da6ac248d44,1000,2025-03-19 06:18:28.656494+00,
3,1,46aeb134c76c67333792e6fa3c1898825a46f3cd,1000,2025-03-19 06:18:28.656494+00,
3,1,46c064dc0b4a53c42c8073a622215190756773a1,1000,2025-03-19 06:18:28.656494+00,
3,1,46cd51f65401ce35c40d24d8ecaee870f432f481,1000,2025-03-19 06:18:28.656494+00,
3,1,46d4992d3eb5046e2f85c313d855c9b1e9aa76c0,1000,2025-03-19 06:18:28.656494+00,
3,1,4702b9d0cfec0c979e87116f0d404d2348c52e51,1000,2025-03-19 06:18:28.656494+00,
3,1,4707b0617df9804065aed8a823d22061be6299f4,1000,2025-03-19 06:18:28.656494+00,
3,1,4741fa18cb21e7253c00c2c776f7b2576ce36390,1000,2025-03-19 06:18:28.656494+00,
3,1,4784c4dc84250da7f5e7fef0cc34671940ba39c6,1000,2025-03-19 06:18:28.656494+00,
3,1,478cb4f46025dbf24c8e68338aae2baf950042a8,1000,2025-03-19 06:18:28.656494+00,
3,1,480fd348d8d72d9ce3e0ff472d91bc8898afc6f4,1000,2025-03-19 06:18:28.656494+00,
3,1,48116b2fed71d89a4f49bf5dbf3e500b0ee35a09,1000,2025-03-19 06:18:28.656494+00,
3,1,487e8631a34652f8b838e171a7dcded8e5214fea,1000,2025-03-19 06:18:28.656494+00,
3,1,489e74a281de818113e7af2f3a76599482524b99,1000,2025-03-19 06:18:28.656494+00,
3,1,48b01143eb30b03e37a59f5c56fade7f80171962,1000,2025-03-19 06:18:28.656494+00,
3,1,495cc7f6d064381d7b4f6b658931c093c52ff9a9,1000,2025-03-19 06:18:28.656494+00,
3,1,49711d01a245a193e9fc60d77ced1aaa6730fdfe,1000,2025-03-19 06:18:28.656494+00,
3,1,49a88769544f464c595a10277e0fde775dec7b78,1000,2025-03-19 06:18:28.656494+00,
3,1,49c89ba4b8830dc2eb0b85841c8efa740cd1a8cb,1000,2025-03-19 06:18:28.656494+00,
3,1,4a30a06a5e2df67e7642591496fca9724729cf7a,1000,2025-03-19 06:18:28.656494+00,
3,1,4ab3216b3a53fafe5ae2255effefb059b56f4831,1000,2025-03-19 06:18:28.656494+00,
3,1,4ab5de15315d1717fd8d225dde28239a77f78a4b,1000,2025-03-19 06:18:28.656494+00,
3,1,4acd303a32dfb270270ee2a79d43ff9e4fe73a62,1000,2025-03-19 06:18:28.656494+00,
3,1,4b08b3facdffe8502622d1e2fe9b0d577387ed4e,1000,2025-03-19 06:18:28.656494+00,
3,1,4b302ed40b641432018e730c359d969a17e896e7,1000,2025-03-19 06:18:28.656494+00,
3,1,4b45b8317e72537b7b20d69c3112bdcc0483c4fc,1000,2025-03-19 06:18:28.656494+00,
3,1,4b6962c5b01e411e23db8c35dae566b13cba0180,1000,2025-03-19 06:18:28.656494+00,
3,1,4b97ac88cb0bcb739542b4c72797a99af3acd431,1000,2025-03-19 06:18:28.656494+00,
3,1,4ba64ff2d82929a88c159fcf8632fa9169a6aa89,1000,2025-03-19 06:18:28.656494+00,
3,1,4bf3bcd2212b1a1ad9c3f5f96292bd16c7d4d250,1000,2025-03-19 06:18:28.656494+00,
3,1,4c27836fbd57f47a33c51a51cbde682b5aead9d2,1000,2025-03-19 06:18:28.656494+00,
3,1,4cc652bb04d6f94e7995b2b3b301c4cc2f4ab2e1,1000,2025-03-19 06:18:28.656494+00,
3,1,4ce91b9f8542525118981d23e160e55dfc651a63,1000,2025-03-19 06:18:28.656494+00,
3,1,4d681ef7905f5ea7afb97f02876ef12bd456bd12,1000,2025-03-19 06:18:28.656494+00,
3,1,4d996ff06bceee5ec0bfc717d99b8b143791ecc0,1000,2025-03-19 06:18:28.656494+00,
3,1,4dd38aaaff6f3460e9503c8252a898720ccbb527,1000,2025-03-19 06:18:28.656494+00,
3,1,4de28c8adfbc7a0feb6f7abf6c939c54084d8e1a,1000,2025-03-19 06:18:28.656494+00,
3,1,4e274c4270790cde474978b504afe5fe26bfce3b,1000,2025-03-19 06:18:28.656494+00,
3,1,4e2886b433bb90c924831e92117d9ab735b71d3b,1000,2025-03-19 06:18:28.656494+00,
3,1,4ef5ebf81db48ed388cdd206173f6e145b1a7b20,1000,2025-03-19 06:18:28.656494+00,
3,1,4f02dd179f99ecb5d146ca728406d5af2bc2c72d,1000,2025-03-19 06:18:28.656494+00,
3,1,4f320befa8547be94eb45d8c77d768885e2547d2,1000,2025-03-19 06:18:28.656494+00,
3,1,4f57b1e0ed4e14208444432ba05067d98e30edc1,1000,2025-03-19 06:18:28.656494+00,
3,1,4f7c4b0b5b32b009b445dc2e4c1600211cda90f1,1000,2025-03-19 06:18:28.656494+00,
3,1,4f9a622a32deb5b6ac44ea6a8636db1394ac48b3,1000,2025-03-19 06:18:28.656494+00,
3,1,4fc1bcc455096b22166ebd1e56625a7aeace9c1d,1000,2025-03-19 06:18:28.656494+00,
3,1,4ff82fa39fc00ff644e32f02e4f586aee2273f8b,1000,2025-03-19 06:18:28.656494+00,
3,1,5001ba55c426c6c796e8e65026b7a3889ebfcf8a,1000,2025-03-19 06:18:28.656494+00,
3,1,500e40db09ce3b3c385adf6abb314a0e1c04fe52,1000,2025-03-19 06:18:28.656494+00,
3,1,502886a7951f4e58ff48c127f27a15a6f23c4ec6,1000,2025-03-19 06:18:28.656494+00,
3,1,505b266d2d9fb4f57570347550efd8bafa5c3977,1000,2025-03-19 06:18:28.656494+00,
3,1,50a66b104862c605019d8e35c01955745a0280e9,1000,2025-03-19 06:18:28.656494+00,
3,1,50e1fdf53893e66075fc0f295cca093a81ca4d8e,1000,2025-03-19 06:18:28.656494+00,
3,1,50ef88a2ca4eb7d11c4d1887b4a1f28697b3952e,1000,2025-03-19 06:18:28.656494+00,
3,1,51457bd605c042a08e9012c493a54ea5fe78ea15,1000,2025-03-19 06:18:28.656494+00,
3,1,514708d19753a3589548ec05bfa5787d66ebab37,1000,2025-03-19 06:18:28.656494+00,
3,1,5198e8383bf0d877ae754150feacb19f2b176031,1000,2025-03-19 06:18:28.656494+00,
3,1,51f1e087c3e8a14894608e08e6fa71b16e9dfdd8,1000,2025-03-19 06:18:28.656494+00,
3,1,520986bd45fda819feb4e50263801e13d038c8ae,1000,2025-03-19 06:18:28.656494+00,
3,1,521dcd9eef11ce2ade0ac5e42198b3b1b53adb16,1000,2025-03-19 06:18:28.656494+00,
3,1,524532b65d6fa1fde6e3526ac838a866d41c76c8,1000,2025-03-19 06:18:28.656494+00,
3,1,527ffb72b04e5772a43623638dbbc89280ea9dd7,1000,2025-03-19 06:18:28.656494+00,
3,1,52a816ce3889e4574ad9616595bb32c12dc15982,1000,2025-03-19 06:18:28.656494+00,
3,1,52b611add475fe4c3ff70f467c1c4b3bed6356b1,1000,2025-03-19 06:18:28.656494+00,
3,1,5347ad2bc95470063457b6cf01e8632acf14b7b0,1000,2025-03-19 06:18:28.656494+00,
3,1,535335b1188d1562bdd75659403d560864a080b7,1000,2025-03-19 06:18:28.656494+00,
3,1,535c77577bd1a769f5c7675ae94561e746915d70,1000,2025-03-19 06:18:28.656494+00,
3,1,537986f8aeacca4f2b39fa7648454b7dce8b7746,1000,2025-03-19 06:18:28.656494+00,
3,1,539196c606fb4dec4b3eed04678af696e050dc46,1000,2025-03-19 06:18:28.656494+00,
3,1,53b713494618584080238c4e6c83391fa388c975,1000,2025-03-19 06:18:28.656494+00,
3,1,53c1abf13953f5ad63f0b5928c29eaf3518e14fa,1000,2025-03-19 06:18:28.656494+00,
3,1,53cfbb3e0140bc1f013dc5170ee12021f6f8ffad,1000,2025-03-19 06:18:28.656494+00,
3,1,53e3266b8a3c9d1f3695722a3c8647b35bfe04a6,1000,2025-03-19 06:18:28.656494+00,
3,1,53f831b5b683fbdc905f3ab6e0e27c3ccd7ae55a,1000,2025-03-19 06:18:28.656494+00,
3,1,540b0a86579a3bedee3f69c84c3b20d806dda98b,1000,2025-03-19 06:18:28.656494+00,
3,1,543ffebd5211049feefcef4ed827c4f048f7208f,1000,2025-03-19 06:18:28.656494+00,
3,1,544c83e174301594955d4844e84b764478542434,1000,2025-03-19 06:18:28.656494+00,
3,1,547db33f3ce3d1ed328bfa57a721c2992af8f5e0,1000,2025-03-19 06:18:28.656494+00,
3,1,54b925472d839dd8a5dee5353eb9df5d69fb52c3,1000,2025-03-19 06:18:28.656494+00,
3,1,54ceeb98d779a73755c3689636994dcf6311f7a9,1000,2025-03-19 06:18:28.656494+00,
3,1,54ff2538733f5c5de8d6b2afdc2e23b78f159395,1000,2025-03-19 06:18:28.656494+00,
3,1,5508a456123f1024c4315d6619bb77339917a8b3,1000,2025-03-19 06:18:28.656494+00,
3,1,5539a15f3be4fbeba5e4e4129ac213c0f4eb81a1,1000,2025-03-19 06:18:28.656494+00,
3,1,55855357171c45b1c5174555b0e85efe822f3900,1000,2025-03-19 06:18:28.656494+00,
3,1,55894b6363f7ddef7dea157da8c186cfb390c5e9,1000,2025-03-19 06:18:28.656494+00,
3,1,55c5c15d69d9fbdbbd053e59d23e1abcbb8fdd1f,1000,2025-03-19 06:18:28.656494+00,
3,1,55ffebdf91cb0606733b8771b236af6d6488b63f,1000,2025-03-19 06:18:28.656494+00,
3,1,5640e05d44eb0923e5a13336816d97ec0b0bd09c,1000,2025-03-19 06:18:28.656494+00,
3,1,5679207d227ae231c35900ee2a6a1769fb942f81,1000,2025-03-19 06:18:28.656494+00,
3,1,56d63249fb41d5416fb73ec7f32eaa5988ecca49,1000,2025-03-19 06:18:28.656494+00,
3,1,5714687ed676291537e29b3c35e136193b58996c,1000,2025-03-19 06:18:28.656494+00,
3,1,5716bf6d448fdf49ab86896eb959c5f0a7b0caed,1000,2025-03-19 06:18:28.656494+00,
3,1,571b99930822d95c867eaf75b74daf3301a1bc06,1000,2025-03-19 06:18:28.656494+00,
3,1,571cc27ee272effb53462f119db8fad65e9898c0,1000,2025-03-19 06:18:28.656494+00,
3,1,57308f13b792e0faf4f52e96b8385498d0817edf,1000,2025-03-19 06:18:28.656494+00,
3,1,574e8cbd2f465c089977bd9a359da259c9c3ca9f,1000,2025-03-19 06:18:28.656494+00,
3,1,5755a24d2b5c781532f0dd772dc91753643daba4,1000,2025-03-19 06:18:28.656494+00,
3,1,57c847c002efa13b5018b02253922581168f39d4,1000,2025-03-19 06:18:28.656494+00,
3,1,57f4fd5474a1483aeb7bf0d81f3431b4ee66199d,1000,2025-03-19 06:18:28.656494+00,
3,1,58492e7f0023e26e3dad011856344f151337e0f9,1000,2025-03-19 06:18:28.656494+00,
3,1,58847488adbec1cda358b1232003d8b9d96ba018,1000,2025-03-19 06:18:28.656494+00,
3,1,5931e60ed8fdf6949a19a3427e375a2f4adaca0a,1000,2025-03-19 06:18:28.656494+00,
3,1,5957dbb057074a043189cdc1f4ef553dea234fb3,1000,2025-03-19 06:18:28.656494+00,
3,1,59e593871347853e1c27b6da658ed0d502986386,1000,2025-03-19 06:18:28.656494+00,
3,1,5a39fb7ff18fa2bd8f162ee3de2e8fbf4a8594da,1000,2025-03-19 06:18:28.656494+00,
3,1,5a73606d09d3a4919cdcc82a6de0696724088d34,1000,2025-03-19 06:18:28.656494+00,
3,1,5a8674cc1fd09876ebd951fe36e1a6b68771900a,1000,2025-03-19 06:18:28.656494+00,
3,1,5ab504d4625a65fe552fe22d724a26b570dc2ea4,1000,2025-03-19 06:18:28.656494+00,
3,1,5ae7fc429e61702c2178e567395fca17d6d9c699,1000,2025-03-19 06:18:28.656494+00,
3,1,5b74a7b94adc6dc45c1b085e8de2018f72550040,1000,2025-03-19 06:18:28.656494+00,
3,1,5b90927aef371e5b7719226faa3e885e3a77135d,1000,2025-03-19 06:18:28.656494+00,
3,1,5ba1993731853b46ad2d5cd1a71d0ae2bf145ce0,1000,2025-03-19 06:18:28.656494+00,
3,1,5bf021d039c05c1817e185f88af8c6370f3a0aca,1000,2025-03-19 06:18:28.656494+00,
3,1,5c23114d927b1d55da1bb592e1cdc90dce82125a,1000,2025-03-19 06:18:28.656494+00,
3,1,5c8275c80df631cf02ef5c3233c98ae285880240,1000,2025-03-19 06:18:28.656494+00,
3,1,5c925b7a9e756a1a26913a277a7cb757286a3726,1000,2025-03-19 06:18:28.656494+00,
3,1,5cd24dcfc9df778675c88e4d2bbc28e1347049c0,1000,2025-03-19 06:18:28.656494+00,
3,1,5cddb26d36d5b7b27db33da66bd2a785c24e6eb2,1000,2025-03-19 06:18:28.656494+00,
3,1,5d2d817b20d04c2ca68745ecead5691ecb8964fb,1000,2025-03-19 06:18:28.656494+00,
3,1,5d928690a7b021767eb2a8ed709ebdf4ecd97599,1000,2025-03-19 06:18:28.656494+00,
3,1,5e08b7d53d6f50995244bfa6180745c803a0869b,1000,2025-03-19 06:18:28.656494+00,
3,1,5e0db222f1091599ffc8302a190ad0857a22f408,1000,2025-03-19 06:18:28.656494+00,
3,1,5e70d4ebf71ea454c03750603ba1115ce4023759,1000,2025-03-19 06:18:28.656494+00,
3,1,5f385ae5425ab8f809a18572744b850a50c5bc29,1000,2025-03-19 06:18:28.656494+00,
3,1,5f5101ddf6b5b00a338101d43f1759d6fc047559,1000,2025-03-19 06:18:28.656494+00,
3,1,5f782c472371a8abbbf3afdf99afac2f011ff687,1000,2025-03-19 06:18:28.656494+00,
3,1,5f7a485e54dffdf6c284898405300f096b1bfdcb,1000,2025-03-19 06:18:28.656494+00,
3,1,5f8a1a2c0d48aa2817619744875f349a955c0377,1000,2025-03-19 06:18:28.656494+00,
3,1,5faa9a396af1cd82273373d25f387d22bd427dbf,1000,2025-03-19 06:18:28.656494+00,
3,1,5fcffe016b2a9131db7d6bb3aac77c0ca1019092,1000,2025-03-19 06:18:28.656494+00,
3,1,6064c6b3d4160d784a63ed77c2743287794b42f8,1000,2025-03-19 06:18:28.656494+00,
3,1,6074350f4baa52e121ae54d64eee5f28a0dce2a3,1000,2025-03-19 06:18:28.656494+00,
3,1,607cc84067b79270cd10c345737548e3b65bdb91,1000,2025-03-19 06:18:28.656494+00,
3,1,60a81c89c644b1219908ff0cf311613c294eaaa0,1000,2025-03-19 06:18:28.656494+00,
3,1,60b1e421be767e0adfee403aada7b19ea2a5bb38,1000,2025-03-19 06:18:28.656494+00,
3,1,614024b75760a5e95ec6c3165ff3a823f2518472,1000,2025-03-19 06:18:28.656494+00,
3,1,614bca8e8a2bd108bb016e1e81e38b5af7135549,1000,2025-03-19 06:18:28.656494+00,
3,1,617056bb03a2638a75f410687f5254fd7ee2dc2b,1000,2025-03-19 06:18:28.656494+00,
3,1,6204692634e01897db17ff86b2419ebf27af1c6a,1000,2025-03-19 06:18:28.656494+00,
3,1,620fcb60772c6272e63c5420e0393046a3ebb82e,1000,2025-03-19 06:18:28.656494+00,
3,1,6221a2c3fb48e946ffebd73499d84302a4581710,1000,2025-03-19 06:18:28.656494+00,
3,1,623f8f0bab38a485a0063963aae23f7ad49d7bb8,1000,2025-03-19 06:18:28.656494+00,
3,1,62926633599946cda491921884734064a9c6858f,1000,2025-03-19 06:18:28.656494+00,
3,1,62a0f2af5e90709357fb0664191486bc459681a1,1000,2025-03-19 06:18:28.656494+00,
3,1,62b4d929c0341a565d554e5e14373466b52af64a,1000,2025-03-19 06:18:28.656494+00,
3,1,62bef0185b28c1d0f13e4f843d1072b9a2ec445b,1000,2025-03-19 06:18:28.656494+00,
3,1,62df2a70b79cfe41eb3ea7d07952fb180f8edcb9,1000,2025-03-19 06:18:28.656494+00,
3,1,62fb5fd6fe8ee80fad6c95e1dd6b76d80c48ab8d,1000,2025-03-19 06:18:28.656494+00,
3,1,62ff4173b98eb3df5f83599b10c534e97934bbca,1000,2025-03-19 06:18:28.656494+00,
3,1,6322785edc19c9418d913782d0ed7c2bbc594942,1000,2025-03-19 06:18:28.656494+00,
3,1,636180433e9339be056bb28bd7789ddef50f264f,1000,2025-03-19 06:18:28.656494+00,
3,1,639e7c4f64e527fac2179dc44976c2ebe679f6fb,1000,2025-03-19 06:18:28.656494+00,
3,1,63c6f7152c9ba09c92427606bc2e853a193822f4,1000,2025-03-19 06:18:28.656494+00,
3,1,63d532116d4b2b8790500cde63f60cdfd3e17bf7,1000,2025-03-19 06:18:28.656494+00,
3,1,64afd3d5dbbda9ff198b04dbfa63f481db09f016,1000,2025-03-19 06:18:28.656494+00,
3,1,64e649ef98415167159d9a3b633b86ecc8bf289b,1000,2025-03-19 06:18:28.656494+00,
3,1,652a828c0f62633213cf4a506d2ae9e32ca2c2a5,1000,2025-03-19 06:18:28.656494+00,
3,1,6566d69e7f418518b53519aeb9f9429359ec689d,1000,2025-03-19 06:18:28.656494+00,
3,1,65680b8681fc5ad0355bb8992aab75739db0f751,1000,2025-03-19 06:18:28.656494+00,
3,1,65ae1abcb1eb3cc70117df6fa3ecff17038efed5,1000,2025-03-19 06:18:28.656494+00,
3,1,65b331e4e73c1b48a464e9ed5115e708f1466cab,1000,2025-03-19 06:18:28.656494+00,
3,1,65ec8e8b0a5ac53321817af07d7e4303b15145aa,1000,2025-03-19 06:18:28.656494+00,
3,1,65ffebec69849ca974d67f357b7338e37b30f1f6,1000,2025-03-19 06:18:28.656494+00,
3,1,6642ef36823e43adc8c504b689ce7e2e1272d550,1000,2025-03-19 06:18:28.656494+00,
3,1,6684d7a90a4a47fbcd04b20c5a775e23c2b2af70,1000,2025-03-19 06:18:28.656494+00,
3,1,668a3e4154c35cd421d56e583267bcb1b6572bdf,1000,2025-03-19 06:18:28.656494+00,
3,1,66a7a8d2146ca4671e513924b6a8047b4ff9e29c,1000,2025-03-19 06:18:28.656494+00,
3,1,66dd7417dddec005850d498ca600830ca4c4ebab,1000,2025-03-19 06:18:28.656494+00,
3,1,66eec7148f32b3bc017c85b275ae08ebd2ce54d4,1000,2025-03-19 06:18:28.656494+00,
3,1,672b633f6cad8b4b4752cf709346a1dc90ff119e,1000,2025-03-19 06:18:28.656494+00,
3,1,677b8d2fb7a5fad70b7707fc88c10475d5d721b4,1000,2025-03-19 06:18:28.656494+00,
3,1,67b390d3000562f0d59f69a0b2bd91091ca16378,1000,2025-03-19 06:18:28.656494+00,
3,1,67c1daffa696be9dff0b6bf1f162d9a17b2c77b1,1000,2025-03-19 06:18:28.656494+00,
3,1,684ba78dd09f1085ae68176f945d2cb46c343cfc,1000,2025-03-19 06:18:28.656494+00,
3,1,6896dbd2dff595578bfbcf4889546d2062719056,1000,2025-03-19 06:18:28.656494+00,
3,1,68b7bc38e4c09ab3610ba9e7abb5c86235b8a85a,1000,2025-03-19 06:18:28.656494+00,
3,1,694d9ff8c5a2483df21af874194fd5ac544be608,1000,2025-03-19 06:18:28.656494+00,
3,1,6951a3ef8963993ca7a991f987bc056c320425e9,1000,2025-03-19 06:18:28.656494+00,
3,1,69e8177e69a792a7513dc19f50c4c95c1e998f51,1000,2025-03-19 06:18:28.656494+00,
3,1,69f403d05084595f29f4373fa2facdade01c1ab9,1000,2025-03-19 06:18:28.656494+00,
3,1,6a31502d4e291185a4e14c87562a8e0a3fb0cbc5,1000,2025-03-19 06:18:28.656494+00,
3,1,6a32379b26319e4e96af9e46efa338ff7bdd9ca3,1000,2025-03-19 06:18:28.656494+00,
3,1,6a38ad6e2968217d8317cfd2bdb605a34dd2f314,1000,2025-03-19 06:18:28.656494+00,
3,1,6a45fb0cbc9a1c2f20552a993ec9b309e6145751,1000,2025-03-19 06:18:28.656494+00,
3,1,6a507a97b1fc24cc0439f2d7aaefc25581c56e5d,1000,2025-03-19 06:18:28.656494+00,
3,1,6a5449ad6b0ed93f8977dfc4cac3b7eae3760e88,1000,2025-03-19 06:18:28.656494+00,
3,1,6a681659610a174495d11d4b1cb36185b75cf1ec,1000,2025-03-19 06:18:28.656494+00,
3,1,6aa4e65a74306b69116a1902b8b996be5fd53acb,1000,2025-03-19 06:18:28.656494+00,
3,1,6abaebc29874f197e728d32ee76a3f1197bd8744,1000,2025-03-19 06:18:28.656494+00,
3,1,6ac3f9fdb194eb4938b307a4cf3ccb7ef0b6f870,1000,2025-03-19 06:18:28.656494+00,
3,1,6ac86123fdc9b50a1113117da0037492a775227e,1000,2025-03-19 06:18:28.656494+00,
3,1,6b56b9fee19666188140e7f4a3991ceeb559d85a,1000,2025-03-19 06:18:28.656494+00,
3,1,6b99335de1c1d2f6b71be4578f824d934412948e,1000,2025-03-19 06:18:28.656494+00,
3,1,6bccec8c7d0c872649cddd1de2a8e5f04f59cdb8,1000,2025-03-19 06:18:28.656494+00,
3,1,6bf138808518020f7ca311e8da232bb41f026d04,1000,2025-03-19 06:18:28.656494+00,
3,1,6bf6cd37ad7c63d0c10758479a669e55e647a4dd,1000,2025-03-19 06:18:28.656494+00,
3,1,6c472a31bbf34ac26cbf303cccdd3bceb23af3d4,1000,2025-03-19 06:18:28.656494+00,
3,1,6c6fb2bfc73e8798e5b367009e707c656f458898,1000,2025-03-19 06:18:28.656494+00,
3,1,6cc70473766b08017dc6f8e2d1fcb897cd2c0ca4,1000,2025-03-19 06:18:28.656494+00,
3,1,6d0240f5742812a6c6c5ed3794198524c1f284ef,1000,2025-03-19 06:18:28.656494+00,
3,1,6d87a81051106e8484f562c046612e25cc423c2a,1000,2025-03-19 06:18:28.656494+00,
3,1,6d87be3f44ba1a911c7b77f53839ac110e208096,1000,2025-03-19 06:18:28.656494+00,
3,1,6d9d407895621c79a2498b0fc3f9e813cd96901a,1000,2025-03-19 06:18:28.656494+00,
3,1,6e20afb927051c75147338e6a9bd0cafcddcab77,1000,2025-03-19 06:18:28.656494+00,
3,1,6e96b471c912f5a8c176d66694152a80bc5cf037,1000,2025-03-19 06:18:28.656494+00,
3,1,6f10ae91934d184045eac8031412ef38c9cadfee,1000,2025-03-19 06:18:28.656494+00,
3,1,6f256397b609e93e27b2092d7cb8fb7948c015d6,1000,2025-03-19 06:18:28.656494+00,
3,1,700cf148d724b6b4a6116642339361c203743737,1000,2025-03-19 06:18:28.656494+00,
3,1,700f8bb59c2b35bd922b5799f3a3ffc7d2e187a4,1000,2025-03-19 06:18:28.656494+00,
3,1,70272413f0196b79d818f0f198c413cfb86d5ee2,1000,2025-03-19 06:18:28.656494+00,
3,1,7043db4a56de807717cbcd73a3ef54ba97f964fe,1000,2025-03-19 06:18:28.656494+00,
3,1,7064cbb50289bbe4178a0882ca040fa2829340ac,1000,2025-03-19 06:18:28.656494+00,
3,1,7112d52b21dc7674041cc2c3e1b79431a374cb6f,1000,2025-03-19 06:18:28.656494+00,
3,1,71241d6b54b04b190e720706eaa0147c078fd902,1000,2025-03-19 06:18:28.656494+00,
3,1,713cadf31e9b5f49d35623d87309961f51c96252,1000,2025-03-19 06:18:28.656494+00,
3,1,713f255f3049f7f41985a3ce48eb33c4a2020c03,1000,2025-03-19 06:18:28.656494+00,
3,1,71da98ca8e227eea459b5fb74fcb69c803faa8f0,1000,2025-03-19 06:18:28.656494+00,
3,1,72f6313eb812d3e95bd03b0c34c1c80bfc440158,1000,2025-03-19 06:18:28.656494+00,
3,1,7309963719df76d09dc975f426119e9e1c4922ac,1000,2025-03-19 06:18:28.656494+00,
3,1,73101c4ccfcc06980944dcf4485ead471ae6ed39,1000,2025-03-19 06:18:28.656494+00,
3,1,7311a5a4d6537bb6544ed7a642f57088d0c1d1fc,1000,2025-03-19 06:18:28.656494+00,
3,1,732a63542e63ad6c35c44959272c4094f49f9871,1000,2025-03-19 06:18:28.656494+00,
3,1,732d383233f3c1ba742044ed57c393bcaa89b05f,1000,2025-03-19 06:18:28.656494+00,
3,1,7355c6eb16b02de1dae910cafed9ad8cbb19ebf8,1000,2025-03-19 06:18:28.656494+00,
3,1,7386c20482d68b52dd6a7003a3f58c1f3f4161aa,1000,2025-03-19 06:18:28.656494+00,
3,1,738781b0bd56f8fa9a13851fd1d5c3816759e5e2,1000,2025-03-19 06:18:28.656494+00,
3,1,739f9b094b1bad4cd035c92a99e7297caa71c797,1000,2025-03-19 06:18:28.656494+00,
3,1,742a4a62428c858eeaa6d497ac55ced1d88115d9,1000,2025-03-19 06:18:28.656494+00,
3,1,742c1372f10a16513f89d37822f450534e93af20,1000,2025-03-19 06:18:28.656494+00,
3,1,74556e10ab3ec6475458ed35d4281a35cbded23a,1000,2025-03-19 06:18:28.656494+00,
3,1,74adfdd74172b1367fc12a46e8fab955abd92b55,1000,2025-03-19 06:18:28.656494+00,
3,1,74c4617ddf6d04ac3c7ff0f5425c352c0249c755,1000,2025-03-19 06:18:28.656494+00,
3,1,74eda720385b5e3cd439d5ee733ba4650bb8c7f3,1000,2025-03-19 06:18:28.656494+00,
3,1,754e532dcd195fb7c740e1de840a5a3dd723ffd2,1000,2025-03-19 06:18:28.656494+00,
3,1,756fbf713c08f00dba61a1cd0768bfbe33d13c58,1000,2025-03-19 06:18:28.656494+00,
3,1,757501233a1677149dd2cf3a31d2c2d23ca98b33,1000,2025-03-19 06:18:28.656494+00,
3,1,7618657d1ce6ec9ca9bf90d26bf08153c9822f37,1000,2025-03-19 06:18:28.656494+00,
3,1,76310c9547732aafacdce1a35a3aa616267cce00,1000,2025-03-19 06:18:28.656494+00,
3,1,764c6ab5f0f5d9af4f0db9e563739bff90709c1e,1000,2025-03-19 06:18:28.656494+00,
3,1,76508eb55c4501a585a4b8156fbcedf05f845924,1000,2025-03-19 06:18:28.656494+00,
3,1,7660789e89428ae741af36b470f1c54738255c15,1000,2025-03-19 06:18:28.656494+00,
3,1,76bd1d57a3c6a047fdc9e1ef474c2775aceb5228,1000,2025-03-19 06:18:28.656494+00,
3,1,76cc2746ac35eadcc16b08183ce7194eed277947,1000,2025-03-19 06:18:28.656494+00,
3,1,76f29e7f92f188c2dcbfc77023729e04c35edaca,1000,2025-03-19 06:18:28.656494+00,
3,1,77390ad2518de1d7bb6e1bf3b6dcec3a2cfa65e2,1000,2025-03-19 06:18:28.656494+00,
3,1,7739e21ca53dee194928562f2b124a5f65c65aa5,1000,2025-03-19 06:18:28.656494+00,
3,1,773edeecf09ae0418f59355caff664f4fb0f8047,1000,2025-03-19 06:18:28.656494+00,
3,1,77450d8ad86ce92b85cf6e8ba7024f63f25d576b,1000,2025-03-19 06:18:28.656494+00,
3,1,775fdb906a732b81bdf516792da40649d1b25b2b,1000,2025-03-19 06:18:28.656494+00,
3,1,776860c97c3fb8b178c6132b2bfd41e6e447b19a,1000,2025-03-19 06:18:28.656494+00,
3,1,777700f7906956b606d2240309b85bd178ef176f,1000,2025-03-19 06:18:28.656494+00,
3,1,77cccaa20bd1f730cadb25059e20a83761f9585d,1000,2025-03-19 06:18:28.656494+00,
3,1,77e1a6cec9a3d005834cd19a9d0adea855276db0,1000,2025-03-19 06:18:28.656494+00,
3,1,783498a5e8bd648280245e6eb2329668b4450cef,1000,2025-03-19 06:18:28.656494+00,
3,1,783d38c96eb4f53f4bb54bcb0aed9c6f3b4282ae,1000,2025-03-19 06:18:28.656494+00,
3,1,785a793b01f8b7a888fa3df4c966b85cec9f6076,1000,2025-03-19 06:18:28.656494+00,
3,1,790114aabf058b7add9400b961bb5cc5799e069e,1000,2025-03-19 06:18:28.656494+00,
3,1,790c3a657fa63abb92b9beabce536cf710f7ffb3,1000,2025-03-19 06:18:28.656494+00,
3,1,7987f7e90edc959555a4687d04ff811fc98ff969,1000,2025-03-19 06:18:28.656494+00,
3,1,79b370e75aa0228d705298d1a67fc68b846aab50,1000,2025-03-19 06:18:28.656494+00,
3,1,79bb6e025762a76c8c85f73581e8c49b68fcab0c,1000,2025-03-19 06:18:28.656494+00,
3,1,79eee7852945149c6c7beed6ad4127b20faa5176,1000,2025-03-19 06:18:28.656494+00,
3,1,79ef9977d991a07a803efddea716bac280f80917,1000,2025-03-19 06:18:28.656494+00,
3,1,7a5200adf28dd766b84b47194166c4fd57aaa88e,1000,2025-03-19 06:18:28.656494+00,
3,1,7a623e4247f3538ccf11ac79764996722800ea90,1000,2025-03-19 06:18:28.656494+00,
3,1,7a6425a28085673fcfa237d4aff8b0e3e3c03040,1000,2025-03-19 06:18:28.656494+00,
3,1,7a7ecd14e0d3ad2b135390bfa522b65f5ad65191,1000,2025-03-19 06:18:28.656494+00,
3,1,7ad43d190646c36b99a587e3a76593144539dded,1000,2025-03-19 06:18:28.656494+00,
3,1,7b7de65b3e0ade8eaa463076828c76136f0b88bd,1000,2025-03-19 06:18:28.656494+00,
3,1,7c01247916800969b74197c81f474b1ac7d4d833,1000,2025-03-19 06:18:28.656494+00,
3,1,7c332ad8634bb36730f80903c8977f70461e9fee,1000,2025-03-19 06:18:28.656494+00,
3,1,7c36eaacd988ab42b7d27677135080a426b9922e,1000,2025-03-19 06:18:28.656494+00,
3,1,7c679af856fcd4e5360796dd0257d226803da718,1000,2025-03-19 06:18:28.656494+00,
3,1,7c79a930d8a944130a9bd9d3b23d8356a33b4c77,1000,2025-03-19 06:18:28.656494+00,
3,1,7c891a5c4eba3d1a4955cf7fbb02a6b7a3bc75c5,1000,2025-03-19 06:18:28.656494+00,
3,1,7cb03f09f61cccf4a57d0dbc0b358c65418bff39,1000,2025-03-19 06:18:28.656494+00,
3,1,7cbcef144b2474d3fe68fc2d9f5de8bff0c31f21,1000,2025-03-19 06:18:28.656494+00,
3,1,7ce6cd4a8ce9659a831cd82f16fb51b431c4b9b0,1000,2025-03-19 06:18:28.656494+00,
3,1,7cfcc28ca5fbc790d2bf9fc0c5d10e52ed1cb296,1000,2025-03-19 06:18:28.656494+00,
3,1,7d251bd796890c6b26301d21015ac04445b5cee5,1000,2025-03-19 06:18:28.656494+00,
3,1,7d339e6846a6cc9b09d2b095b6fe938a63efd011,1000,2025-03-19 06:18:28.656494+00,
3,1,7d7db1cc872f68a6940431946c538cb8cd5961de,1000,2025-03-19 06:18:28.656494+00,
3,1,7de2f70ecbf1b352222498fa4329af6699a5f7f5,1000,2025-03-19 06:18:28.656494+00,
3,1,7def16a291602f6e5b43ad247cb457990850e7f9,1000,2025-03-19 06:18:28.656494+00,
3,1,7df30c47bb59864637c9d31197acaa950bcb6de1,1000,2025-03-19 06:18:28.656494+00,
3,1,7df5353eb3d60b48ad273deba0c0ced484e5d119,1000,2025-03-19 06:18:28.656494+00,
3,1,7e310e51b5733a40a0cf25d737c810023a51f42e,1000,2025-03-19 06:18:28.656494+00,
3,1,7e9d3153b85fb25b293864007bf223972f10fd93,1000,2025-03-19 06:18:28.656494+00,
3,1,7e9fbae5e66798e148a6332b21dd966e27b3c6e9,1000,2025-03-19 06:18:28.656494+00,
3,1,7f1da552af8afb2428a3eff057a383e1c042653d,1000,2025-03-19 06:18:28.656494+00,
3,1,7f324b4fd177a2dbee552a28bff260525fccc7a6,1000,2025-03-19 06:18:28.656494+00,
3,1,7f824cf92747d820fd8d36fad2406aa0add2aabb,1000,2025-03-19 06:18:28.656494+00,
3,1,7fad91f341f438b78f3e83b79f9f627e4bfd1208,1000,2025-03-19 06:18:28.656494+00,
3,1,7ff7b80e65a7844cb8a6c9412b28cd8bfb7cc9a4,1000,2025-03-19 06:18:28.656494+00,
3,1,7fff8fe037ecd5e422dc0bfa1785aef074d67eb5,1000,2025-03-19 06:18:28.656494+00,
3,1,8054bf7941d0e182dfa26afb30c0b017715c7328,1000,2025-03-19 06:18:28.656494+00,
3,1,80fe57b27dbe44af2cade9e778bedf1f09e12d13,1000,2025-03-19 06:18:28.656494+00,
3,1,811a1de013af51e3b6d67bc13a4460858a88f873,1000,2025-03-19 06:18:28.656494+00,
3,1,811d2dda5d43c1c2d189c33fd70d06fec0614cea,1000,2025-03-19 06:18:28.656494+00,
3,1,81db38cb3634deeae42557b8b367ad37106c0b6d,1000,2025-03-19 06:18:28.656494+00,
3,1,81e22851b932a1a015690e26083b24e83cd0bb65,1000,2025-03-19 06:18:28.656494+00,
3,1,8219515e00cc7d87d77ac03aeba1b423c7b29ea5,1000,2025-03-19 06:18:28.656494+00,
3,1,821cbab6fb688a104846f113a90e07232cc68228,1000,2025-03-19 06:18:28.656494+00,
3,1,823c8003ff95c36eaa2a38c41c738c4a4844e984,1000,2025-03-19 06:18:28.656494+00,
3,1,824ed742d1d56964ebe24e475c72705c4cfc25c4,1000,2025-03-19 06:18:28.656494+00,
3,1,8287a62b8413aee2cf8a61fa0d9513f9de7167c5,1000,2025-03-19 06:18:28.656494+00,
3,1,82b96f4eb71250c8542d392afcde2662a9caaaf1,1000,2025-03-19 06:18:28.656494+00,
3,1,82f939e3b56b380acc23584ce368fb512a8335a4,1000,2025-03-19 06:18:28.656494+00,
3,1,832f66001ac6d0e8f76a345b2bc211aa0b5e89e2,1000,2025-03-19 06:18:28.656494+00,
3,1,83bc9ecb73fbf22204da799f9c1bd890341fc3b2,1000,2025-03-19 06:18:28.656494+00,
3,1,83da3424686346463d898b2f67ddbea6d3be4ba5,1000,2025-03-19 06:18:28.656494+00,
3,1,83dbcf03091bdbe08be241d6e62a7703bab25b6a,1000,2025-03-19 06:18:28.656494+00,
3,1,8445b0aa3403f463b5655d1d60e11d5717d33398,1000,2025-03-19 06:18:28.656494+00,
3,1,848ffa06bb94782846b97370a691a0060485a699,1000,2025-03-19 06:18:28.656494+00,
3,1,84a58b876b2affbc7d7f1633b6331cd7b6ad7509,1000,2025-03-19 06:18:28.656494+00,
3,1,85001dfc761d05c6b00d312531a621dda8788688,1000,2025-03-19 06:18:28.656494+00,
3,1,856882eb71e085cb82a4b2beffb63ed120d68273,1000,2025-03-19 06:18:28.656494+00,
3,1,85ab10d9db1fc513e905067ca866236dc17ee48a,1000,2025-03-19 06:18:28.656494+00,
3,1,85fb4bdc5f3bf0fc26e125579552d078c49d9540,1000,2025-03-19 06:18:28.656494+00,
3,1,861492a3006ff3fbb3d08e5bd859c3b8e004f3dd,1000,2025-03-19 06:18:28.656494+00,
3,1,862ae79f48787fbe3e597222e952a205a05dad6c,1000,2025-03-19 06:18:28.656494+00,
3,1,866832198645c1f8617f4f698f4207666ccac71b,1000,2025-03-19 06:18:28.656494+00,
3,1,86923e204d88ca72859ae869e3f3b43c2585ae8e,1000,2025-03-19 06:18:28.656494+00,
3,1,86b4c5ae2d03bf8194de32f37258b6c49d78a691,1000,2025-03-19 06:18:28.656494+00,
3,1,86d5667c3fb0081b96bf940442108cfbb0285841,1000,2025-03-19 06:18:28.656494+00,
3,1,87165ed7c4b5f12ee77f827f94e30134ff9b5de4,1000,2025-03-19 06:18:28.656494+00,
3,1,871c65dc417b7f30864407686c5d70b88d5f724c,1000,2025-03-19 06:18:28.656494+00,
3,1,8764e055b69e36401914d05036e02054468791c9,1000,2025-03-19 06:18:28.656494+00,
3,1,87fdd1a2115b8655164cd3355c37845d0c173461,1000,2025-03-19 06:18:28.656494+00,
3,1,8824fe1c4398e3ad316e0875c8031ffdab7313ed,1000,2025-03-19 06:18:28.656494+00,
3,1,8825828dde3ad1dca12ac6091cafd9437a80e255,1000,2025-03-19 06:18:28.656494+00,
3,1,88330965add1ff16c8b963e368e3c9b2b4ac4e21,1000,2025-03-19 06:18:28.656494+00,
3,1,88387cca3c099a3e8e099e4eee7550188109a666,1000,2025-03-19 06:18:28.656494+00,
3,1,88750df6fa45a3f12f8d0021babd355517a7df6d,1000,2025-03-19 06:18:28.656494+00,
3,1,888e30815e99458d98cf1550de5c7b897b5bee69,1000,2025-03-19 06:18:28.656494+00,
3,1,88c49fa1f9a57f87552ee69ebc7100940430848f,1000,2025-03-19 06:18:28.656494+00,
3,1,891c1c5f4430ec6d3fdbee6b4d480145a9a5a9cb,1000,2025-03-19 06:18:28.656494+00,
3,1,891f28cd6b81da1c52022718f311630665c52d15,1000,2025-03-19 06:18:28.656494+00,
3,1,897fd3f58c87f26b5c13f78656e688b2a89c6ef1,1000,2025-03-19 06:18:28.656494+00,
3,1,898eb2c433afa5511c71760ac12605cc91f11301,1000,2025-03-19 06:18:28.656494+00,
3,1,899503f06203f1d570fee5ed23034d480ff05395,1000,2025-03-19 06:18:28.656494+00,
3,1,89af59ec774cae0a33f005b765ab1578ef79f653,1000,2025-03-19 06:18:28.656494+00,
3,1,8a3a31575ca7e5e15b829047705187ce70f1f0cb,1000,2025-03-19 06:18:28.656494+00,
3,1,8a472fd3e117090a03dc7f769ab8e93187ea984f,1000,2025-03-19 06:18:28.656494+00,
3,1,8a8cdb533709f7bc73604aea6a80535888f9202d,1000,2025-03-19 06:18:28.656494+00,
3,1,8af08dd0c3ef91727746bdb2785fd5662cffaaed,1000,2025-03-19 06:18:28.656494+00,
3,1,8b1d5d68cde7facbb95fc9e022e0a3d466877966,1000,2025-03-19 06:18:28.656494+00,
3,1,8b241462135e6ac8d14aaa12fad609f1c4fac01c,1000,2025-03-19 06:18:28.656494+00,
3,1,8b8ee864fc0d022635f4fdc51a06c578b47b71eb,1000,2025-03-19 06:18:28.656494+00,
3,1,8beddc9353dbb9773ea6e6311684d0d2511b8af8,1000,2025-03-19 06:18:28.656494+00,
3,1,8c4a856b323d2beee96acdda4be91360b6869666,1000,2025-03-19 06:18:28.656494+00,
3,1,8cace26eb904f348bbc4551a5bef4634de8ee178,1000,2025-03-19 06:18:28.656494+00,
3,1,8d9ba2426756e78edf6ce51f535c420f53bd1505,1000,2025-03-19 06:18:28.656494+00,
3,1,8db9b802acc5139df615b07acf8e692221ef94ae,1000,2025-03-19 06:18:28.656494+00,
3,1,8dcd67c6dd34c6d88c1fd4d23a24bba0df040132,1000,2025-03-19 06:18:28.656494+00,
3,1,8e06d8bd6a3b9231e6d8f8e2fadf93886492fa8c,1000,2025-03-19 06:18:28.656494+00,
3,1,8e39af61409ff73cb8450026f42efd79ab170357,1000,2025-03-19 06:18:28.656494+00,
3,1,8e3e805a6c9ca2583f551ce3b70853b9dfb58676,1000,2025-03-19 06:18:28.656494+00,
3,1,8e454b34a67a46eb724b930a58715a8360c5d10e,1000,2025-03-19 06:18:28.656494+00,
3,1,8e4f231c271e7682fe60f945e5d3252eda148039,1000,2025-03-19 06:18:28.656494+00,
3,1,8ee08e664809cbad63566366f6deae874fecfb70,1000,2025-03-19 06:18:28.656494+00,
3,1,8ef227699a4699edd3a03cf804f195a6c368765f,1000,2025-03-19 06:18:28.656494+00,
3,1,8f04ae943874d179b381681124ed989fbd16a4c0,1000,2025-03-19 06:18:28.656494+00,
3,1,8f180a20e61baf7f6f1b0ca861cbff57ea38fe7b,1000,2025-03-19 06:18:28.656494+00,
3,1,8f8a0cc5c8651dc1f08ef4a4921f22eb9bda72c3,1000,2025-03-19 06:18:28.656494+00,
3,1,8f91cbabe8a1a73dd30ba117f2c7ad1cc70bb139,1000,2025-03-19 06:18:28.656494+00,
3,1,8ff995d244e92af2684bf2fa0a7fc656c56405d0,1000,2025-03-19 06:18:28.656494+00,
3,1,909fe891a0fae6a85b5a11da3062a639e678ace4,1000,2025-03-19 06:18:28.656494+00,
3,1,9103503db2a8744e403dbeba645214c7092d33df,1000,2025-03-19 06:18:28.656494+00,
3,1,9181ad507a3b6385fd5dc3b86a5b36d823c97ef2,1000,2025-03-19 06:18:28.656494+00,
3,1,91c31c16b7501b2e9a6cf7b24a2ae0ff166ecf5c,1000,2025-03-19 06:18:28.656494+00,
3,1,91fb3b3fa7e10fab6e1e40549ae7f44659646762,1000,2025-03-19 06:18:28.656494+00,
3,1,921cfca43613b40cbdaea12955c66a7834bd384d,1000,2025-03-19 06:18:28.656494+00,
3,1,92506d328c1c2919aeed0e39f334f3a458a62a7d,1000,2025-03-19 06:18:28.656494+00,
3,1,92a7e69d513f677afcbe20f721fe54998db733f7,1000,2025-03-19 06:18:28.656494+00,
3,1,92fef6b21032ad42a9e40cf928455db78b9d6af5,1000,2025-03-19 06:18:28.656494+00,
3,1,930d1c136fe5ca82251694b4518f510926399120,1000,2025-03-19 06:18:28.656494+00,
3,1,9322ed30337446673eeed80d2fa18949c850ec9d,1000,2025-03-19 06:18:28.656494+00,
3,1,93502bdc0e3d8cc015b1813160fdf405f6c61839,1000,2025-03-19 06:18:28.656494+00,
3,1,942212f54738737ab88ed69816e6281223609392,1000,2025-03-19 06:18:28.656494+00,
3,1,94bdbbae3d01305bfba58a2b88a585c47f493224,1000,2025-03-19 06:18:28.656494+00,
3,1,94bf32f1f07bbb63e54415bc3af7b7b7ff7079fb,1000,2025-03-19 06:18:28.656494+00,
3,1,94d01b4560fe16e771281fe34aee4aeb386a9d0e,1000,2025-03-19 06:18:28.656494+00,
3,1,94fc448210a019e91790a5354896a8a4f90f7fc9,1000,2025-03-19 06:18:28.656494+00,
3,1,950826223854aae37974b1819913c8d41cb7debe,1000,2025-03-19 06:18:28.656494+00,
3,1,952c0d55aee2d69e90ac11ee05ae82512bde6078,1000,2025-03-19 06:18:28.656494+00,
3,1,95df761dd1a656020de0a91f9e3210a2026be035,1000,2025-03-19 06:18:28.656494+00,
3,1,960354042bab5cf453c8fdd98b794aa6cca7c482,1000,2025-03-19 06:18:28.656494+00,
3,1,9649a3528ff2c7f5ed5c29af83d023d5fe543f85,1000,2025-03-19 06:18:28.656494+00,
3,1,964a5c22209335d6efa699e8edc9d780a25a838e,1000,2025-03-19 06:18:28.656494+00,
3,1,96808862226b77bf536a397aa32cfed502812245,1000,2025-03-19 06:18:28.656494+00,
3,1,968c0934e720339a0b4e2f44b0fa5760404b0f0b,1000,2025-03-19 06:18:28.656494+00,
3,1,96de5bd28f54a8fe012d319f60cbf1e41c2a4983,1000,2025-03-19 06:18:28.656494+00,
3,1,96f3f92a97cb0d7a7b5bebfb80259a0a9bfd54e6,1000,2025-03-19 06:18:28.656494+00,
3,1,97373871cdcc61036a1ed0ccb81645c82752c7c7,1000,2025-03-19 06:18:28.656494+00,
3,1,97b496f241d27e5d07322b29fd39e5155b70f804,1000,2025-03-19 06:18:28.656494+00,
3,1,97d16a5503e11490c4e3f0150df5b6b39142373e,1000,2025-03-19 06:18:28.656494+00,
3,1,97e367c5bd499b6949b0601bcaec1f6f77e778e7,1000,2025-03-19 06:18:28.656494+00,
3,1,984320b391f01bc425f489472b1175c37e2aa770,1000,2025-03-19 06:18:28.656494+00,
3,1,98752fce2cc1d5e7ce50c639b2cefc64d7b5ca7e,1000,2025-03-19 06:18:28.656494+00,
3,1,98901e01d7b562365c2da2d4404ded9272a1f42b,1000,2025-03-19 06:18:28.656494+00,
3,1,98938240a918654d8667f175d2675f7f5a53d08d,1000,2025-03-19 06:18:28.656494+00,
3,1,98ba3e263a6fe529bcd40560e5d8007a5ca5929a,1000,2025-03-19 06:18:28.656494+00,
3,1,98fcb26e4faee8c9ec6533b8714a9d28f657adb3,1000,2025-03-19 06:18:28.656494+00,
3,1,992670c533a94c2f2e69e279dee2ab6c7cd454b1,1000,2025-03-19 06:18:28.656494+00,
3,1,994d191de781338a424c9317e30b130de1c0df57,1000,2025-03-19 06:18:28.656494+00,
3,1,99637a6dc20244fa7c4659a145295671a5092bae,1000,2025-03-19 06:18:28.656494+00,
3,1,99667c5ffa40f101bf1cdbf572c69f3bb39b7858,1000,2025-03-19 06:18:28.656494+00,
3,1,99de4addeb50923c6190a60e6e94c3fb0370db02,1000,2025-03-19 06:18:28.656494+00,
3,1,99e536a399988ab832d6824c108709d86d7abfd2,1000,2025-03-19 06:18:28.656494+00,
3,1,9a5d17d91882aff267f6ffb4a981508da27bc7fe,1000,2025-03-19 06:18:28.656494+00,
3,1,9a9418577055ccc7cb4883c25bfa0a277d112b5b,1000,2025-03-19 06:18:28.656494+00,
3,1,9ac942599db4b9c348a20df1dba47ba32b2af25b,1000,2025-03-19 06:18:28.656494+00,
3,1,9b62dae48174c3ef9ea26bf83959001c97678535,1000,2025-03-19 06:18:28.656494+00,
3,1,9b6913c1a05513ff70ade001141ee37e971d45b4,1000,2025-03-19 06:18:28.656494+00,
3,1,9b8ead320e26b88a11c4985562a018edce8914ca,1000,2025-03-19 06:18:28.656494+00,
3,1,9bc64bbc44a22b8247345dddf30a9a61c072516e,1000,2025-03-19 06:18:28.656494+00,
3,1,9bcc372a90a787b094111f7f60064236594a32b6,1000,2025-03-19 06:18:28.656494+00,
3,1,9c715be51803ef6d4eee9f23214e2d7601f8d9ea,1000,2025-03-19 06:18:28.656494+00,
3,1,9c733f301932e6e8a7f0c9f9e68d59765da6a6e5,1000,2025-03-19 06:18:28.656494+00,
3,1,9c8ff69757e003e11d35c9ef9e8d69997220de26,1000,2025-03-19 06:18:28.656494+00,
3,1,9cbe397f169370a90f89058de978abbdad25ba44,1000,2025-03-19 06:18:28.656494+00,
3,1,9cea635e48a9d7afc544f33339273b825c65a14b,1000,2025-03-19 06:18:28.656494+00,
3,1,9d07d3f4901ead6cb88f8c21c97c68f9e0e90a58,1000,2025-03-19 06:18:28.656494+00,
3,1,9d26ddc8043450e7a3a2bfbaafc472f5f8660ddf,1000,2025-03-19 06:18:28.656494+00,
3,1,9d4f90b8567a61aafa7f75910ede60d08d8c179e,1000,2025-03-19 06:18:28.656494+00,
3,1,9dab25e19f3a688b42ac5fd1b1b93c3bb929de57,1000,2025-03-19 06:18:28.656494+00,
3,1,9dcf4866c40a0198ba66ed6cef0c5a2c9eed83c1,1000,2025-03-19 06:18:28.656494+00,
3,1,9dd9d5bb536287c41b5de0b4aa18e1368909228e,1000,2025-03-19 06:18:28.656494+00,
3,1,9e4405dfd2b25d31a491fe693f08229cd6490804,1000,2025-03-19 06:18:28.656494+00,
3,1,9e5a908efd2e6a5cbe35631caffd97b37b2c1e52,1000,2025-03-19 06:18:28.656494+00,
3,1,9ec8c4a6cc218c3d7333ba446f8a448385c3b47d,1000,2025-03-19 06:18:28.656494+00,
3,1,9f08c50629d9cc5010a6e94837d0003c3c48ca3b,1000,2025-03-19 06:18:28.656494+00,
3,1,9f5f711ee37802f107d3d61c665ce75b72a9647b,1000,2025-03-19 06:18:28.656494+00,
3,1,9f762346e02db88251401011f14d4074455686b1,1000,2025-03-19 06:18:28.656494+00,
3,1,9f993a5ef9fabc19dba3981454356dd2592d7cb7,1000,2025-03-19 06:18:28.656494+00,
3,1,a0ac076ebcc6083a373e60cb8c7d2e062b6f5c23,1000,2025-03-19 06:18:28.656494+00,
3,1,a0d2954660444c3527d7637a16e2e6891053310a,1000,2025-03-19 06:18:28.656494+00,
3,1,a18edaf68963d450c719caa6055d055e266b44bb,1000,2025-03-19 06:18:28.656494+00,
3,1,a1b691bbb007f16061146cc85bf2e0ebf37bd188,1000,2025-03-19 06:18:28.656494+00,
3,1,a1fd4aec3fb6750434aca659c000304b4855c7f2,1000,2025-03-19 06:18:28.656494+00,
3,1,a222ac97a3dac14e743dd9fedf3f4a7e28e15011,1000,2025-03-19 06:18:28.656494+00,
3,1,a274ebced10961ff21c2f21b6af4193048e46df8,1000,2025-03-19 06:18:28.656494+00,
3,1,a28df7570bb200d337f37c69f86c804f87f6113d,1000,2025-03-19 06:18:28.656494+00,
3,1,a2b42d3a96ff624a3d87f3eb383f5bafeef65000,1000,2025-03-19 06:18:28.656494+00,
3,1,a336e45aa7a456ba4307e0d828e86fa8dbc1cac3,1000,2025-03-19 06:18:28.656494+00,
3,1,a340964876de35559115608ef9f5ce2b0d4ca619,1000,2025-03-19 06:18:28.656494+00,
3,1,a3c7ccaba36ba06d487a6581f49ae923211b2a51,1000,2025-03-19 06:18:28.656494+00,
3,1,a3ddac507ea1b3c20f2bfa83cf5715e57e27edd9,1000,2025-03-19 06:18:28.656494+00,
3,1,a3ff1e626afdbcf07e981d2d0ffc97ea9e9bc429,1000,2025-03-19 06:18:28.656494+00,
3,1,a4093ce4d6e7d091a9950ad9ee2f619b9afcbb9b,1000,2025-03-19 06:18:28.656494+00,
3,1,a499356353b7198fad3742b890aa6ef8c135d987,1000,2025-03-19 06:18:28.656494+00,
3,1,a4b1d7017ed7a5fef4546810fd383fb91b103e59,1000,2025-03-19 06:18:28.656494+00,
3,1,a4e01c8dd70cea950f61035a8db9d9ea42578064,1000,2025-03-19 06:18:28.656494+00,
3,1,a510e36d5f6115f3191799245d4056f6843478dd,1000,2025-03-19 06:18:28.656494+00,
3,1,a565a94b53f0991211b7f125b943017f810eed33,1000,2025-03-19 06:18:28.656494+00,
3,1,a640a51ec499d7c4f2a966eaae32c6e5d94db68c,1000,2025-03-19 06:18:28.656494+00,
3,1,a64a5401a291553d05c01f33ef94efb004a870df,1000,2025-03-19 06:18:28.656494+00,
3,1,a64d56e8ae42a4254aab4dbe8dc76100b6f45231,1000,2025-03-19 06:18:28.656494+00,
3,1,a66a95e09e3aa9d9e77df776e445fbf814ecf419,1000,2025-03-19 06:18:28.656494+00,
3,1,a68ef67483d5ca58e3061a2c95c75a8fb9878507,1000,2025-03-19 06:18:28.656494+00,
3,1,a6a24761415979d014d54c8af4c2f58bcbe2c062,1000,2025-03-19 06:18:28.656494+00,
3,1,a6aa2758812c0f108d5b9dce907dabc409a21d47,1000,2025-03-19 06:18:28.656494+00,
3,1,a6c77c87f529e99eabc2dc37cd71174d025cf949,1000,2025-03-19 06:18:28.656494+00,
3,1,a706501be96342308453b56b61047c5521422694,1000,2025-03-19 06:18:28.656494+00,
3,1,a76e1cb3eca88273ecaac72736fc4bfec3d554ac,1000,2025-03-19 06:18:28.656494+00,
3,1,a7a31949035083e38aefc23dfa21c6f5f757c580,1000,2025-03-19 06:18:28.656494+00,
3,1,a7f4511c58870ee4339b8e8cf96abe9e3ef3eb51,1000,2025-03-19 06:18:28.656494+00,
3,1,a7f5ca6961f4625da55fc62451e81e96e23131ca,1000,2025-03-19 06:18:28.656494+00,
3,1,a8182a42e83e07bbfbb18296e5d16277f45889ab,1000,2025-03-19 06:18:28.656494+00,
3,1,a902cb59961ef098ff9bb152b98f93c18014cc93,1000,2025-03-19 06:18:28.656494+00,
3,1,a958adaa11c9fbc8e955d212010b65c205bd38ac,1000,2025-03-19 06:18:28.656494+00,
3,1,a9843fa08fe952d74b602c29bcab08e2ad7664d3,1000,2025-03-19 06:18:28.656494+00,
3,1,a9fd95ef894859ffd98c978bd36212f5d70c6d00,1000,2025-03-19 06:18:28.656494+00,
3,1,aa4223a7c4fa879a98789d32e129c0b460f90a6d,1000,2025-03-19 06:18:28.656494+00,
3,1,aa6265ba002ff2f6c2bb94d0b0bd06500b35680b,1000,2025-03-19 06:18:28.656494+00,
3,1,aa891c74e34158a1cbcc3772ceb72e36a1e763c2,1000,2025-03-19 06:18:28.656494+00,
3,1,aabe25b957bbdab7a068729648af1666c5a79cfa,1000,2025-03-19 06:18:28.656494+00,
3,1,ab44635462880666daa7f2be5a21c71c1590ff2b,1000,2025-03-19 06:18:28.656494+00,
3,1,ab4d4a84e721d804af7da5241a745c7f78bfd46c,1000,2025-03-19 06:18:28.656494+00,
3,1,ab7aee25b29679e4ad79900b6db36c0541334b0d,1000,2025-03-19 06:18:28.656494+00,
3,1,aba03be72daf0d6262f669df10861b89b19937f3,1000,2025-03-19 06:18:28.656494+00,
3,1,abb783b99b9e3657e4ee289c7268529e54b0715e,1000,2025-03-19 06:18:28.656494+00,
3,1,ac0564037969a945c215ba7557b014855b14b7b0,1000,2025-03-19 06:18:28.656494+00,
3,1,ac5b0c41d0f4be438688ac4ca2d05cdfe87ff70f,1000,2025-03-19 06:18:28.656494+00,
3,1,ac7255bf042c6ebe6ae13469580b86f2679a4805,1000,2025-03-19 06:18:28.656494+00,
3,1,ac9d450c69df27ee290c90ec61c4b76154b0a21c,1000,2025-03-19 06:18:28.656494+00,
3,1,accd735efa0477c354ccbc09a40b5317970abc22,1000,2025-03-19 06:18:28.656494+00,
3,1,ad7ca194d8d5c0d34b69467d2233178edf6736c3,1000,2025-03-19 06:18:28.656494+00,
3,1,ade5cbd564f83c45fd9d3b9dc5481c48849f32ed,1000,2025-03-19 06:18:28.656494+00,
3,1,ade6ebee292e8ccc0c9b04525b35246fe2ce2ad6,1000,2025-03-19 06:18:28.656494+00,
3,1,ae2c12c83da89bb83d7b398041f697c28d16aa0f,1000,2025-03-19 06:18:28.656494+00,
3,1,ae60c7dd31648c0a561ea5049e4859e3fcf1c16a,1000,2025-03-19 06:18:28.656494+00,
3,1,ae7af58882dfd09aa6a96aa18ace05c0f01a15b0,1000,2025-03-19 06:18:28.656494+00,
3,1,ae9796744ce0ae715ac753ca3809c86c05aaf981,1000,2025-03-19 06:18:28.656494+00,
3,1,ae9c191d5a74dcd883191cc58cc9c367e36e14cc,1000,2025-03-19 06:18:28.656494+00,
3,1,aebe24c90410cc80f277727a1302f1708ae5fa1e,1000,2025-03-19 06:18:28.656494+00,
3,1,af4085922efe68c2aeabf9784282ac9a4fa28257,1000,2025-03-19 06:18:28.656494+00,
3,1,af4dcd29d720188587d8504ec1ef5ab1701f0011,1000,2025-03-19 06:18:28.656494+00,
3,1,af7b78b026120a5700587a8fd9447def818a1416,1000,2025-03-19 06:18:28.656494+00,
3,1,af8d6d9705a25a079a003dc26f0527d5a83750d3,1000,2025-03-19 06:18:28.656494+00,
3,1,afb6e55d16a21781bbb6f83015ef80482fb0a5b2,1000,2025-03-19 06:18:28.656494+00,
3,1,b01f6de457098901535214fbccd3748c0d2708ed,1000,2025-03-19 06:18:28.656494+00,
3,1,b07d5145b3b3af02976bc675a5c68205a21fb64c,1000,2025-03-19 06:18:28.656494+00,
3,1,b143dd9d9ecaa5de196f65ee278110ddfa617955,1000,2025-03-19 06:18:28.656494+00,
3,1,b1592078be12d4008b7a868ead955bb273e93035,1000,2025-03-19 06:18:28.656494+00,
3,1,b194e8d2ac6020782ef63528574fe47de3021f7b,1000,2025-03-19 06:18:28.656494+00,
3,1,b1a280e31bab221bf830e68477fae9622a4911e7,1000,2025-03-19 06:18:28.656494+00,
3,1,b1f9286c0058da30bdfcef397430a37133bc8788,1000,2025-03-19 06:18:28.656494+00,
3,1,b206fded5f58131092a4f7132a4256fd28b4946d,1000,2025-03-19 06:18:28.656494+00,
3,1,b23968c805ebcfc9ca92c81647538fb17fe73636,1000,2025-03-19 06:18:28.656494+00,
3,1,b26cd25d5e52a541da337a9f758e1be003eb0f2d,1000,2025-03-19 06:18:28.656494+00,
3,1,b27c76c15d8c7f2405b8195edc48acb27d269380,1000,2025-03-19 06:18:28.656494+00,
3,1,b326d255ce65137eaaa7494258ec020aa5cbbc01,1000,2025-03-19 06:18:28.656494+00,
3,1,b374df06963119738a16e1b08c2052a697996431,1000,2025-03-19 06:18:28.656494+00,
3,1,b38a483b5cb784cfd07760653b607190ee149a75,1000,2025-03-19 06:18:28.656494+00,
3,1,b38d1e28b8d15fcdf5e215b77e4719c05044457b,1000,2025-03-19 06:18:28.656494+00,
3,1,b39073616c6e29bc3c8cc280f128c1899c7c20ba,1000,2025-03-19 06:18:28.656494+00,
3,1,b3cbeb87ec96a0fb1bbb3cae25c10c264b941427,1000,2025-03-19 06:18:28.656494+00,
3,1,b3f49b4b372d43f7b7939536fd0fce4f08f34971,1000,2025-03-19 06:18:28.656494+00,
3,1,b401ae1a16c7b329611673146241ed8ade191e0c,1000,2025-03-19 06:18:28.656494+00,
3,1,b41f14422b70db4fcc49b84adec07ef0226a2d9b,1000,2025-03-19 06:18:28.656494+00,
3,1,b434630d53c38255a39ae1a1864a60be172f652a,1000,2025-03-19 06:18:28.656494+00,
3,1,b43638580b014017cb767a5ade07b06551d29e82,1000,2025-03-19 06:18:28.656494+00,
3,1,b46ad236c8b5a3455156e31a07f1fcef1c926948,1000,2025-03-19 06:18:28.656494+00,
3,1,b46cdd1bad764f0641c231de4f2a199fa4b3e16a,1000,2025-03-19 06:18:28.656494+00,
3,1,b492e430b63ff01ad961ddc12600cde80b6352a7,1000,2025-03-19 06:18:28.656494+00,
3,1,b4ad8ebd6d58f21cb9a87e0f6c79a66841295841,1000,2025-03-19 06:18:28.656494+00,
3,1,b5082b72e6dd61d91c597f93350ce99a11d1af2a,1000,2025-03-19 06:18:28.656494+00,
3,1,b51c22cf4f2a29aff51e8d5c67e6975e194cfbf2,1000,2025-03-19 06:18:28.656494+00,
3,1,b555da4e9ff842be0258a297c77b4dcca866f21b,1000,2025-03-19 06:18:28.656494+00,
3,1,b572be3ee8844d7e06eb88a3810bf9be22b8397e,1000,2025-03-19 06:18:28.656494+00,
3,1,b58d2de10a884f8237dba358b80ff265b745ad5c,1000,2025-03-19 06:18:28.656494+00,
3,1,b5b58f969fe6ebfab7694bd4e7388e20162e05a5,1000,2025-03-19 06:18:28.656494+00,
3,1,b5bf1c2a4d272165a99e8bca177dbbb7286375f2,1000,2025-03-19 06:18:28.656494+00,
3,1,b602bc7efade9ce17232c5951fff873a3bc7111a,1000,2025-03-19 06:18:28.656494+00,
3,1,b65219562b7851849800255550322546a6a57eba,1000,2025-03-19 06:18:28.656494+00,
3,1,b6fef854a36602d2d006c626c73a9b1568ed5e4d,1000,2025-03-19 06:18:28.656494+00,
3,1,b711cbf03751fbca7b4e660bf9de13aafcf956e3,1000,2025-03-19 06:18:28.656494+00,
3,1,b758e0267632ba47a257deadd91ada01b6102a21,1000,2025-03-19 06:18:28.656494+00,
3,1,b780f1e4ecd3740b973a74fa12533a58cc78e623,1000,2025-03-19 06:18:28.656494+00,
3,1,b7a6fb66aee9d54c2f74fa5a8fa76f3e5479d2c1,1000,2025-03-19 06:18:28.656494+00,
3,1,b7a7a323c81b16f4d7b4ece474717bd4e7c2b1b8,1000,2025-03-19 06:18:28.656494+00,
3,1,b7a81ffae8070144c9a65675f7e5a994983d0ec4,1000,2025-03-19 06:18:28.656494+00,
3,1,b7bb3c86239aff7642bbcfb9b4155f4274fce9e5,1000,2025-03-19 06:18:28.656494+00,
3,1,b7e81f2c5bed58e3ddfa72c9042c1ef7620c5165,1000,2025-03-19 06:18:28.656494+00,
3,1,b81b224aabb79a1b95ccad8384a7cbae283ab7ea,1000,2025-03-19 06:18:28.656494+00,
3,1,b823275010a2ff58574e8c35e4869cefbcba31bc,1000,2025-03-19 06:18:28.656494+00,
3,1,b83dacd5dc3bc24d326640ebd2aa423aced65482,1000,2025-03-19 06:18:28.656494+00,
3,1,b903071de030d290807e9682afff98d56565f84c,1000,2025-03-19 06:18:28.656494+00,
3,1,b9b96639315c495eaf98034b3a804a425cf14185,1000,2025-03-19 06:18:28.656494+00,
3,1,b9bde83ec757ad77a9590b7b27169c7a8141412e,1000,2025-03-19 06:18:28.656494+00,
3,1,ba0d840a60ee81b16e054e4b4b2ed8a323bcf949,1000,2025-03-19 06:18:28.656494+00,
3,1,ba3bf5c59823f5be726dfbbf9e59e663078f36e7,1000,2025-03-19 06:18:28.656494+00,
3,1,ba4589056b0d09ff7a61ee1778c2e6e946b6d9f4,1000,2025-03-19 06:18:28.656494+00,
3,1,ba5e4686b35826fbad57fb1147b1c23eb474d0cb,1000,2025-03-19 06:18:28.656494+00,
3,1,ba639ba223dfbaca40ff9b93ae957585523c5aec,1000,2025-03-19 06:18:28.656494+00,
3,1,baada0da471473244ceeb1049278f71da17956f0,1000,2025-03-19 06:18:28.656494+00,
3,1,bb0f95c6b57bdfd51af9ce70bd207451b5fd1db7,1000,2025-03-19 06:18:28.656494+00,
3,1,bb5679a90c08514fe476766421efcce25c13ea02,1000,2025-03-19 06:18:28.656494+00,
3,1,bb809c03352644306d8ae0d668af332f1a652129,1000,2025-03-19 06:18:28.656494+00,
3,1,bbca4df71ed9d8f895f30d0cd29abc269720d6e6,1000,2025-03-19 06:18:28.656494+00,
3,1,bbccf7842070c16310007d8a23385812c737d685,1000,2025-03-19 06:18:28.656494+00,
3,1,bc07f0df25878c15b3e01287f45515dbf53827b2,1000,2025-03-19 06:18:28.656494+00,
3,1,bc2c5a3922f0050683afe69523d02b1c4899f206,1000,2025-03-19 06:18:28.656494+00,
3,1,bc31f337da1a555b8db5efe71237b4a1326b2d48,1000,2025-03-19 06:18:28.656494+00,
3,1,bc3a654c40503b2299f9e62bbe08efac65ae90f6,1000,2025-03-19 06:18:28.656494+00,
3,1,bca5b726f919cfee4a7b8a650338e89cde3b5f2e,1000,2025-03-19 06:18:28.656494+00,
3,1,bcd1ecef1c980e8255dfcb295f6809b6bac947ad,1000,2025-03-19 06:18:28.656494+00,
3,1,bd151dd4b09033aa24e6fc2c81617c8c4c5e596a,1000,2025-03-19 06:18:28.656494+00,
3,1,bd42fa4ca4f471b8be1092347bd434dc3fc6abf5,1000,2025-03-19 06:18:28.656494+00,
3,1,bd7e1aefe245f83978702334b19552d6c0857d6d,1000,2025-03-19 06:18:28.656494+00,
3,1,bd9a1bd5db09f8e6457c6cd0150b0d3941237218,1000,2025-03-19 06:18:28.656494+00,
3,1,bdef4aa00d5ca4401de8e57aabd3e366af2951bf,1000,2025-03-19 06:18:28.656494+00,
3,1,be3eeb68856700288a3f306e0f2c55d808b94b87,1000,2025-03-19 06:18:28.656494+00,
3,1,be49f5dc8937d04201b47030357e3f4c84f882a1,1000,2025-03-19 06:18:28.656494+00,
3,1,be6e20c7c4237a30ec960f308369ba387ed61a49,1000,2025-03-19 06:18:28.656494+00,
3,1,beba03bb7bb8f1e71ab620a6351741c0e6190f57,1000,2025-03-19 06:18:28.656494+00,
3,1,becb71066e4066ca29b994f28c44ed707ef69aa5,1000,2025-03-19 06:18:28.656494+00,
3,1,bfbac6e920808e66954b9f00084766567c7bd9a6,1000,2025-03-19 06:18:28.656494+00,
3,1,bff522d889905acbfb57f6e184e8d24d8a80f8ad,1000,2025-03-19 06:18:28.656494+00,
3,1,c0411ff16da1e9f99eaf461bce74972593957676,1000,2025-03-19 06:18:28.656494+00,
3,1,c05e2e31f178f58b6be0852fb7811ea5d7563363,1000,2025-03-19 06:18:28.656494+00,
3,1,c0a069aa3265882f57beaf2e2bddc5cb0bef5c90,1000,2025-03-19 06:18:28.656494+00,
3,1,c0aeba9d624533f68b2e1d35db2325e43d367174,1000,2025-03-19 06:18:28.656494+00,
3,1,c0dc28100680e02c78f22b66dc503025a961aaf9,1000,2025-03-19 06:18:28.656494+00,
3,1,c106714d1bf09c37bcff24362eea5508d925f37a,1000,2025-03-19 06:43:27.280683+00,
3,1,c15785681f3e948290f105589557c31bfd58a8cf,1000,2025-03-19 06:18:28.656494+00,
3,1,c1ad41557e49b60a710bdcad1d92cf42d97fd220,1000,2025-03-19 06:18:28.656494+00,
3,1,c1e52eaced8242ee9519e6214832613be48de2c7,1000,2025-03-19 06:18:28.656494+00,
3,1,c208630c229183935df0fbbf3129c7f6d8df7162,1000,2025-03-19 06:18:28.656494+00,
3,1,c224fe16774e5d462cb56c340aa8fda813e657b7,1000,2025-03-19 06:18:28.656494+00,
3,1,c25894ea4655ee97ed95edde59a95212568020d6,1000,2025-03-19 06:18:28.656494+00,
3,1,c2661e18a50b1c75aef4d6be3b56bbef0c047c61,1000,2025-03-19 06:18:28.656494+00,
3,1,c28f064f65594941689f911f9d67fd3251a87768,1000,2025-03-19 06:18:28.656494+00,
3,1,c28fbed6e66947bd48c822dc3f426f8fb5ec0f18,1000,2025-03-19 06:18:28.656494+00,
3,1,c2d8cd6a6f630e07a2cdd756ad8419dce65fb8a4,1000,2025-03-19 06:18:28.656494+00,
3,1,c2dae4f467ed594100a96cb8039dc63aef3c22f6,1000,2025-03-19 06:44:14.199797+00,
3,1,c36ce72299b72791e34134ef9654a8c3224687dc,1000,2025-03-19 06:18:28.656494+00,
3,1,c37dec878a2b806cbcc85039cfd4d218933ec220,1000,2025-03-19 06:18:28.656494+00,
3,1,c39aae75e316332d8bc9f0ed40628934068b2a82,1000,2025-03-19 06:18:28.656494+00,
3,1,c3a89903662641d877589d70e591f3f23bcfcb7d,1000,2025-03-19 06:18:28.656494+00,
3,1,c3ab05d2c226595059a7b96cfed35dc90087d86b,1000,2025-03-19 06:18:28.656494+00,
3,1,c3c42326ec285092885811fd0a260dfd8a206376,1000,2025-03-19 06:18:28.656494+00,
3,1,c3e22f12c5ebc7092a8911d4f64156a62e43b5c5,1000,2025-03-19 06:18:28.656494+00,
3,1,c40122982328355f1327e9e3a1408e40275135ea,1000,2025-03-19 06:18:28.656494+00,
3,1,c43796e8c97a7276dd5bbfb89354a685b6d691f1,1000,2025-03-19 06:18:28.656494+00,
3,1,c484e356c2acdade546e9b5288faf8018fe24147,1000,2025-03-19 06:18:28.656494+00,
3,1,c489af91f280b826e4479932d79d8728dc445112,1000,2025-03-19 06:18:28.656494+00,
3,1,c5194419b80d8d52f0f6c07c6accff5aac697c0c,1000,2025-03-19 06:18:28.656494+00,
3,1,c5b742194561bb942e158c2e36d13eda9840709a,1000,2025-03-19 06:18:28.656494+00,
3,1,c5cf3278ba2d12ac86ba127cfd4b5b0f71185ddb,1000,2025-03-19 06:18:28.656494+00,
3,1,c633f4908def5c0ee6d5c8a19a72daf63b189d2e,1000,2025-03-19 06:18:28.656494+00,
3,1,c6c52d1c1a56ef40a69df0c32a1fb6ba1d3deaa2,1000,2025-03-19 06:18:28.656494+00,
3,1,c706ae5df107942652c77819d199505ccaa9fae5,1000,2025-03-19 06:18:28.656494+00,
3,1,c7432162e2a45090b32f63d86e9e717692e7dbd6,1000,2025-03-19 06:18:28.656494+00,
3,1,c74d5952f2dd593fd5f705de310408cd730a23e7,1000,2025-03-19 06:18:28.656494+00,
3,1,c784bf8d407f8bb4b60411f25970690dc255c77d,1000,2025-03-19 06:18:28.656494+00,
3,1,c795b9ee81d757085a94a895d2e2c7e01178d52a,1000,2025-03-19 06:18:28.656494+00,
3,1,c7cf617516c01d3bb6ae20707de52b81113fc790,1000,2025-03-19 06:18:28.656494+00,
3,1,c80fd139ccd145a39f47c635ae7049eee10de510,1000,2025-03-19 06:18:28.656494+00,
3,1,c828952630b74484743e48f0112ffd2283722010,1000,2025-03-19 06:18:28.656494+00,
3,1,c82afcd758bcc48bc0f9d4f161053cf5f4a42714,1000,2025-03-19 06:18:28.656494+00,
3,1,c853c01407c1fc67d38b51a6965fc259385a2d39,1000,2025-03-19 06:18:28.656494+00,
3,1,c8c07e64483eedb190f49f53f9df077225ba0f08,1000,2025-03-19 06:18:28.656494+00,
3,1,c8cf929cec2ae1daa45891e28461c3cf01c5a10c,1000,2025-03-19 06:18:28.656494+00,
3,1,c8e28c5cef796917b18ed002ddd31328d96dee80,1000,2025-03-19 06:18:28.656494+00,
3,1,c90bc4b4f95382c8a68becca9c1056c4c75864c4,1000,2025-03-19 06:18:28.656494+00,
3,1,c9156b9e4dd1f10a88388465660fab82ab24e72c,1000,2025-03-19 06:18:28.656494+00,
3,1,c94c90a8fc6741a35a1c0cf4b6b2e83fbd2c839a,1000,2025-03-19 06:18:28.656494+00,
3,1,c953123055d264481fab831a80a0806b50d9e94c,1000,2025-03-19 06:18:28.656494+00,
3,1,c9a8a94fffd78bc144d29235385df312a674530c,1000,2025-03-19 06:18:28.656494+00,
3,1,ca34855773978dcb4cdde2fe8c4b856842ac2c1f,1000,2025-03-19 06:18:28.656494+00,
3,1,ca46d56175ea8cfb08dcb61acb09545bbef0a0cb,1000,2025-03-19 06:18:28.656494+00,
3,1,ca7fe5432a072511f4434600bc6f27f18905963c,1000,2025-03-19 06:18:28.656494+00,
3,1,cad62651e8329309451b156234815e329e5a15c6,1000,2025-03-19 06:18:28.656494+00,
3,1,cb0df34c51705fb65385e98cf1cefaa7c1c8690d,1000,2025-03-19 06:18:28.656494+00,
3,1,cb1b528f8c0230febd5a72ab80672517b84c3b9c,1000,2025-03-19 06:18:28.656494+00,
3,1,cb6c504d80baf555fe7fb58200432269c7a9afd0,1000,2025-03-19 06:18:28.656494+00,
3,1,cb7e4f8b4f5a3fad08ac406f7d769ce363516456,1000,2025-03-19 06:18:28.656494+00,
3,1,cb8b064b87bfaa57739054a46c2e7211e0114ad2,1000,2025-03-19 06:18:28.656494+00,
3,1,cb97899d0925d30d00d0a17f0a3e39a95993ea21,1000,2025-03-19 06:18:28.656494+00,
3,1,cbe9e8fe2d35655e00a8fbf7bbefd940c508d961,1000,2025-03-19 06:18:28.656494+00,
3,1,cc0b6d014e3ffb4e430189b4d88271767fd6ec26,1000,2025-03-19 06:18:28.656494+00,
3,1,cc2570cff8aea5f9d907552c95d452aded8818d9,1000,2025-03-19 06:18:28.656494+00,
3,1,cc2c3fe925bfb1337a5d3f00e831c3477eb6c4af,1000,2025-03-19 06:18:28.656494+00,
3,1,cc37c4abbd96f978af5ed3b85f6346f0029fa4b6,1000,2025-03-19 06:18:28.656494+00,
3,1,cc436c9469c756cc170ea99828efc6069203209c,1000,2025-03-19 06:18:28.656494+00,
3,1,cc53abe3a2843d16f399f3dd5547c8ac38f3ae4a,1000,2025-03-19 06:18:28.656494+00,
3,1,cc6e658ac8bab144e45d8ec143040df75cd4737d,1000,2025-03-19 06:18:28.656494+00,
3,1,ccb98f7eeabfb2e7b188cea7808884e14ed2a7c9,1000,2025-03-19 06:18:28.656494+00,
3,1,cce64a5d08a5b9842fe0d4f631f18c2b464e8a8b,1000,2025-03-19 06:18:28.656494+00,
3,1,cd0b1b921e1851c76465090a206917a6dd24f18d,1000,2025-03-19 06:18:28.656494+00,
3,1,cd575850f43576bbb1a5950e4cfc348ac1bc44ef,1000,2025-03-19 06:18:28.656494+00,
3,1,cd5921e7a3d8a26c3df9c0569664ebae1a19516b,1000,2025-03-19 06:18:28.656494+00,
3,1,cd735998ac2b2b153971f1e368890ae17d604dd3,1000,2025-03-19 06:18:28.656494+00,
3,1,cd9319ec72de74287ea0f97078191163d3a45d30,1000,2025-03-19 06:18:28.656494+00,
3,1,cda52844c05568e3b2c718f30af00f0e62882550,1000,2025-03-19 06:18:28.656494+00,
3,1,cdc68f4a97254f84d67b9c2e3693d688fdb0ee37,1000,2025-03-19 06:18:28.656494+00,
3,1,cdd5245fccddbe071d91e0adcd38174dbe07b4c4,1000,2025-03-19 06:18:28.656494+00,
3,1,ce157a24fdf732db786b975ec7bbcde356278f15,1000,2025-03-19 06:18:28.656494+00,
3,1,ce3023fe285456d1013713ca99b6bc950f1b7f26,1000,2025-03-19 06:18:28.656494+00,
3,1,cec173f3652d793d25e785c3a2a4cf12fbcb58e0,1000,2025-03-19 06:18:28.656494+00,
3,1,cf1270e34b683fb42c9c4339e2a72c3d474f8db4,1000,2025-03-19 06:18:28.656494+00,
3,1,cf422655de4434f0aeed3a129c0107d9f3ed2a9e,1000,2025-03-19 06:18:28.656494+00,
3,1,cf7e5ee36f9db0d63823a5ed69598f37d77c42b9,1000,2025-03-19 06:18:28.656494+00,
3,1,cf92338c96c8b35c4b603006585135271df01de1,1000,2025-03-19 06:18:28.656494+00,
3,1,cfaf499ba7cf15abac0849e9917bc902427ff7a8,1000,2025-03-19 06:18:28.656494+00,
3,1,cfb8e97ca232ddab885c7d34a9a764cddba07860,1000,2025-03-19 06:18:28.656494+00,
3,1,cfcb97217c04b6c51e2e1521872f8202eb1c2b5b,1000,2025-03-19 06:18:28.656494+00,
3,1,cff5a3ea7345e6be8316282958a1993c012af59a,1000,2025-03-19 06:18:28.656494+00,
3,1,d0190d103ecc827f6145c9aa79d9bb8ccbeee875,1000,2025-03-19 06:18:28.656494+00,
3,1,d0643e862efa67012036d641d78ca81978a9e487,1000,2025-03-19 06:18:28.656494+00,
3,1,d068278a2473f28164eaa99919f68e4bef185204,1000,2025-03-19 06:18:28.656494+00,
3,1,d0dfc0aa4c9380c85500f6506477dc7c5194c59c,1000,2025-03-19 06:18:28.656494+00,
3,1,d0e3e2902f5c71d36ce88195fb4f170d3a0a48f8,1000,2025-03-19 06:18:28.656494+00,
3,1,d0e594e607eca979b9dc9d46aa379422cb109433,1000,2025-03-19 06:18:28.656494+00,
3,1,d1029e8c174a175505282995d3df5e99d8f8de80,1000,2025-03-19 06:18:28.656494+00,
3,1,d14dea9cc515e1a5ebb5df006d93952cd479624e,1000,2025-03-19 06:18:28.656494+00,
3,1,d155ff67b3793ceba13b853926dc79daf40fc693,1000,2025-03-19 06:18:28.656494+00,
3,1,d169e2fd0781a98c8de6d7dd9b50cdeb630b80c3,1000,2025-03-19 06:18:28.656494+00,
3,1,d1740330cc9f28de4ba4c363dfa75559f375c030,1000,2025-03-19 06:18:28.656494+00,
3,1,d1f8da8b87f187769ad8e4b25ee7ba08a9770ba9,1000,2025-03-19 06:18:28.656494+00,
3,1,d215b28143a08d4426038a5a21dbdc203b990186,1000,2025-03-19 06:18:28.656494+00,
3,1,d22403fcae36ae3d57b9edb78ab628efba70324e,1000,2025-03-19 06:18:28.656494+00,
3,1,d244c365137892da24f7497500d36e9f4f3fd14a,1000,2025-03-19 06:18:28.656494+00,
3,1,d24e24a8d5aee4885049ce28f75f4376cabc83a9,1000,2025-03-19 06:18:28.656494+00,
3,1,d2a23e717d8acedd655dd818eaf8e2fa3906df92,1000,2025-03-19 06:18:28.656494+00,
3,1,d2da3fcb98deeddc9c467ffc4827bbc1b58c0d7f,1000,2025-03-19 06:18:28.656494+00,
3,1,d2fd1371b2dfc6aebec8813bf96fa5d0fe6e5ed0,1000,2025-03-19 06:18:28.656494+00,
3,1,d31888809f165220fcdaa75b1b149cc85b969800,1000,2025-03-19 06:18:28.656494+00,
3,1,d31d3a2b52d750b12066d322dfc70994a69cde4b,1000,2025-03-19 06:18:28.656494+00,
3,1,d32fe12072d1874ed46ba6d58c2210e9c34da69c,1000,2025-03-19 06:18:28.656494+00,
3,1,d34d67d27a2031c516f66745c30ca94fc72c85d4,1000,2025-03-19 06:18:28.656494+00,
3,1,d3578f4dd6db2b9606d17145462c3f47b07e79f7,1000,2025-03-19 06:18:28.656494+00,
3,1,d3b1222fbce4ab60d22e73cd78d01e151f98ccc9,1000,2025-03-19 06:18:28.656494+00,
3,1,d3ef65ea6a4c50e5807f5a3dd002069fa5465255,1000,2025-03-19 06:18:28.656494+00,
3,1,d3f7d1c3c8d39de816c6510ad5209d70809586f0,1000,2025-03-19 06:18:28.656494+00,
3,1,d47b70c56d33d467f12558dc134d7728199b1cca,1000,2025-03-19 06:18:28.656494+00,
3,1,d489a96a995e1cc6283c506752d0399501cb8dea,1000,2025-03-19 06:18:28.656494+00,
3,1,d4bd6031f8be9878aa0465805e771ae99ebb60b3,1000,2025-03-19 06:18:28.656494+00,
3,1,d4d9cafed4d5a07bbf9466d8f06f4c45ecde4c17,1000,2025-03-19 06:18:28.656494+00,
3,1,d4e3c3d21bd1f3227d4ca259eb0633dbb16b68c2,1000,2025-03-19 06:18:28.656494+00,
3,1,d50339fa15fb6b611974b767857b7763e9c35156,1000,2025-03-19 06:18:28.656494+00,
3,1,d51d3fd40eb58b03fc8fb90e0157d84a97ba6043,1000,2025-03-19 06:18:28.656494+00,
3,1,d590ff602d6a9dd4a5d0df1534306bc4217557c8,1000,2025-03-19 06:18:28.656494+00,
3,1,d604dedbd2f79656a5923e6bf20a66ffbbf3ff70,1000,2025-03-19 06:18:28.656494+00,
3,1,d64d0c91421e30cbe02d6d4c14be6e8750b99f7c,1000,2025-03-19 06:18:28.656494+00,
3,1,d6d52c7012d2efff3bbd2b22e40dadbe3ff03702,1000,2025-03-19 06:18:28.656494+00,
3,1,d708e3fe5a2bbf32ce7d09cbcbfbbc49b8b6d736,1000,2025-03-19 06:18:28.656494+00,
3,1,d729e34684a5fd81a17b8026debfc6a7f3e64343,1000,2025-03-19 06:18:28.656494+00,
3,1,d7acf0df3a18ee8d1a671341b8800849450c498f,1000,2025-03-19 06:18:28.656494+00,
3,1,d7f2b12d8c61cd7fb5c9939ec5105fd700e678c7,1000,2025-03-19 06:18:28.656494+00,
3,1,d80baa7c672d0f473bcef19aed95d89d0427803d,1000,2025-03-19 06:18:28.656494+00,
3,1,d8115b4b86d0b7047a3054dc963ae925d29df278,1000,2025-03-19 06:18:28.656494+00,
3,1,d82c784220939e6f99b73f3482e018cce6c84af6,1000,2025-03-19 06:18:28.656494+00,
3,1,d87825c96b55d1e593dccd5d5471669759eaa40b,1000,2025-03-19 06:18:28.656494+00,
3,1,d9064da382061d51bd0f10841897a9069622a406,1000,2025-03-19 06:18:28.656494+00,
3,1,d9186d0a270b8ac77407602e198c6bb21db0ac4e,1000,2025-03-19 06:18:28.656494+00,
3,1,d918f433d4cf6a402fb2909856acc85e508810e8,1000,2025-03-19 06:18:28.656494+00,
3,1,d93c6598958808b0536d2ad5da77d9182a865221,1000,2025-03-19 06:18:28.656494+00,
3,1,d959a6ca3942d702c4bd48ef9340c71c951f9870,1000,2025-03-19 06:18:28.656494+00,
3,1,d95bce039388671d6e7d5a26d841c564da9c8440,1000,2025-03-19 06:18:28.656494+00,
3,1,d95ea1c1cc81c91bb1ae3011f61cf8e6182fef66,1000,2025-03-19 06:18:28.656494+00,
3,1,d9add3cee02c43c3d98b95c1a173a88e33c89180,1000,2025-03-19 06:18:28.656494+00,
3,1,d9e937bc602c8825fa4105c31abe0ab9f0f253a3,1000,2025-03-19 06:18:28.656494+00,
3,1,da606f383f4bc8624300bb287b1ac7852019f0ea,1000,2025-03-19 06:18:28.656494+00,
3,1,da6dcdf4f34ef51ea80da56d9991f910a351cffd,1000,2025-03-19 06:18:28.656494+00,
3,1,da89bb5370fb4870756b4a5df6ff665ea5b7078d,1000,2025-03-19 06:18:28.656494+00,
3,1,daf90a4e9f2430ceacb48d265b064049626164b7,1000,2025-03-19 06:18:28.656494+00,
3,1,db17600c9eac7962b746aa93e900ba1b7d2ad51e,1000,2025-03-19 06:18:28.656494+00,
3,1,db2c3d544274092888fe0d3a2f436fcdfc86b29f,1000,2025-03-19 06:18:28.656494+00,
3,1,db4991c46bbb2428623ea2ec7cf3109048f7e165,1000,2025-03-19 06:18:28.656494+00,
3,1,db6df5895aaa5383ffd95e4a441eeddee420ecdb,1000,2025-03-19 06:18:28.656494+00,
3,1,db742c5b8192e4e31e3437c10eb940d34c7e00b3,1000,2025-03-19 06:18:28.656494+00,
3,1,dbd2a679f775ff34c995469b57573234605b7594,1000,2025-03-19 06:18:28.656494+00,
3,1,dc08db296b1b98d8fb862f539a01a353a92b4e17,1000,2025-03-19 06:18:28.656494+00,
3,1,dc239514c000288059b38b3d58cd79cd080c216c,1000,2025-03-19 06:18:28.656494+00,
3,1,dc35c9b47f4b3495ae714deb67002cd996f2cfc0,1000,2025-03-19 06:18:28.656494+00,
3,1,dc397276242741546805b45b114220a281d4d84c,1000,2025-03-19 06:18:28.656494+00,
3,1,dc4476e6c7004c8c5883948b35838daf89d3e744,1000,2025-03-19 06:18:28.656494+00,
3,1,dc639cf68e57139079e32a42aec49835771ace00,1000,2025-03-19 06:18:28.656494+00,
3,1,dc922f0a5810f4ce6f477696180fab96d4a16013,1000,2025-03-19 06:18:28.656494+00,
3,1,dcd012e246e8df68f7745b4965ae0386065ffdfa,1000,2025-03-19 06:18:28.656494+00,
3,1,dcd52148aa94e4658180642627b6cb967dda5751,1000,2025-03-19 06:18:28.656494+00,
3,1,dd141e8b517bf9469a2da37951f839678562a018,1000,2025-03-19 06:18:28.656494+00,
3,1,dd21dcc1a9d393550a49999363e383c8409ee1a2,1000,2025-03-19 06:18:28.656494+00,
3,1,dd31f86a9e45bcda12c423fe4b72b161e4ba3248,1000,2025-03-19 06:18:28.656494+00,
3,1,dd3c93177564050b8cd16003c83d14901ea23c0c,1000,2025-03-19 06:18:28.656494+00,
3,1,dd4bcd5beded1f892eaaa2eba0570300c89ba349,1000,2025-03-19 06:18:28.656494+00,
3,1,dd7dd4c885eb32c46bd5b6f0ed43e89776fd9df3,1000,2025-03-19 06:18:28.656494+00,
3,1,ddac08bc2b7dffa925b78c94d893b7d2af98287d,1000,2025-03-19 06:18:28.656494+00,
3,1,de09a2383c693af46badd0b6c5a5f949e1a0104d,1000,2025-03-19 06:18:28.656494+00,
3,1,de3395e353495a7bd068e646185184f26d61869d,1000,2025-03-19 06:18:28.656494+00,
3,1,de90e0e29a3475af17331877878adbdfc4e76c7a,1000,2025-03-19 06:18:28.656494+00,
3,1,dea8706576b380f3b2e8bc5e25c4f76535d74a84,1000,2025-03-19 06:18:28.656494+00,
3,1,def6ccf9f587f9e832748b6a11c07907e4e2172e,1000,2025-03-19 06:18:28.656494+00,
3,1,df22eb9df246efc111a666984b3fcdfb524e9b26,1000,2025-03-19 06:18:28.656494+00,
3,1,df281735cd1336ec108f2435c680aa38cd05a755,1000,2025-03-19 06:18:28.656494+00,
3,1,dfe039ea19e1036f0d12ca7d3a3273d47d108451,1000,2025-03-19 06:18:28.656494+00,
3,1,e026d04cdca10a2021759df734cce5a0e4eaae26,1000,2025-03-19 06:18:28.656494+00,
3,1,e0ada93122eff620f28e72f78b829f3ef4149cf6,1000,2025-03-19 06:18:28.656494+00,
3,1,e0b0b321d42986c27ff6476480593f8b278101e8,1000,2025-03-19 06:18:28.656494+00,
3,1,e1580ad5da9ceb864ca5dd48d1f7b09f5ce31ea3,1000,2025-03-19 06:18:28.656494+00,
3,1,e1a7c0eabe10beae39874add46d2d545d3c76da8,1000,2025-03-19 06:18:28.656494+00,
3,1,e1eafedda9e04a08636db548cf9f099560198aea,1000,2025-03-19 06:18:28.656494+00,
3,1,e20ef60a567a37c5fbc6b24fff26f3fc19d782bd,1000,2025-03-19 06:18:28.656494+00,
3,1,e249d97a59e4b2a1c91e2ed82b704832cfbfd2ed,1000,2025-03-19 06:18:28.656494+00,
3,1,e29270458d51982cebdf5ffeca5e0ef738f02a78,1000,2025-03-19 06:18:28.656494+00,
3,1,e2932d53316479b870b624778276ad73d5c449ad,1000,2025-03-19 06:18:28.656494+00,
3,1,e3172c6eb6f9437ea3fdc3b6c3b1496249dd3bf5,1000,2025-03-19 06:18:28.656494+00,
3,1,e34475c6941a4d0686e02837b52306ec65a0dab4,1000,2025-03-19 06:18:28.656494+00,
3,1,e38c196f9990292b7d1af8f56336e4d770c877e5,1000,2025-03-19 06:18:28.656494+00,
3,1,e3aa7fbb6a63918df026bc21a7179aeab586bdfd,1000,2025-03-19 06:18:28.656494+00,
3,1,e3bb5517b84b8ffc0de6e82e6a3c9c63fc68d6f1,1000,2025-03-19 06:18:28.656494+00,
3,1,e3e01e968e9b1193d278c928794bc25d43898046,1000,2025-03-19 06:18:28.656494+00,
3,1,e44aa2926f23419b5664620df56dca297c59c2fb,1000,2025-03-19 06:18:28.656494+00,
3,1,e47cab42b792cd6251eb9ea2dadf965990f42c20,1000,2025-03-19 06:18:28.656494+00,
3,1,e4c0ddc8cbca7afd60fa0b7d3fc3c4e626c1ea41,1000,2025-03-19 06:18:28.656494+00,
3,1,e4cc875a2ad0e3a46c90a3bf69f6d8f455768dc1,1000,2025-03-19 06:18:28.656494+00,
3,1,e4f384d2d00fcf2a9065725756b5087ccdaa9542,1000,2025-03-19 06:18:28.656494+00,
3,1,e51682b26261d72963643038ce7d73306c22f460,1000,2025-03-19 06:18:28.656494+00,
3,1,e55bfdec6f59c418029b35c5276e2e9f18c176ed,1000,2025-03-19 06:18:28.656494+00,
3,1,e55d68b56070c71b686c1405d914c2c9f60f0608,1000,2025-03-19 06:18:28.656494+00,
3,1,e56ad12bf97d4a620b2581e0024e5b512aa5c806,1000,2025-03-19 06:18:28.656494+00,
3,1,e57c42d4ad0e6c67db0ac8b79f9894762452b80e,1000,2025-03-19 06:18:28.656494+00,
3,1,e5825e436441f7e73be3a36ec646eb376714d0ac,1000,2025-03-19 06:18:28.656494+00,
3,1,e59f7e296d58658b0e07788e5ec5de5fc4028f0f,1000,2025-03-19 06:18:28.656494+00,
3,1,e647582fabf2d5904520b2587084b9d87e350ef0,1000,2025-03-19 06:18:28.656494+00,
3,1,e64d50861ec3a8a852874f3ea2aa3b252042c57f,1000,2025-03-19 06:18:28.656494+00,
3,1,e6527255dfd1caa5c84842aa46a2b7f99bb37879,1000,2025-03-19 06:18:28.656494+00,
3,1,e65cf338ca5ce73899a6fd6b362c745dde76678b,1000,2025-03-19 06:18:28.656494+00,
3,1,e67ff48073ef2540d74cff98bf4258d4e8594a6c,1000,2025-03-19 06:18:28.656494+00,
3,1,e683c3803123363378b879723c2204135869c3b2,1000,2025-03-19 06:18:28.656494+00,
3,1,e6a2988165be52ccacacd9c037268807f49d2785,1000,2025-03-19 06:18:28.656494+00,
3,1,e7090ed2c44014a4550fcfb7f64faa60e02687d5,1000,2025-03-19 06:18:28.656494+00,
3,1,e712cf3dbe673b759dda060132ebefabfbd3c384,1000,2025-03-19 06:18:28.656494+00,
3,1,e71ef490b91be9abb7f065016b797e4b91a73d74,1000,2025-03-19 06:18:28.656494+00,
3,1,e76235777176200e93a91ef4e3a60fee254bf983,1000,2025-03-19 06:18:28.656494+00,
3,1,e76ac8a1d514acdeb58bb6362b4bdf528847979c,1000,2025-03-19 06:18:28.656494+00,
3,1,e78562572c95b5158846eaf67c0e30797823f173,1000,2025-03-19 06:18:28.656494+00,
3,1,e7e81c65f926562ec104f47837c9419a90c6a422,1000,2025-03-19 06:18:28.656494+00,
3,1,e7ef4b9369a5344fcbf1d33fce604a6377f20e77,1000,2025-03-19 06:18:28.656494+00,
3,1,e821665081f0d8ede20d573cd26d859aa184790e,1000,2025-03-19 06:18:28.656494+00,
3,1,e8306361ea4a4d2c31b2b993d7ad5235fb5144c4,1000,2025-03-19 06:18:28.656494+00,
3,1,e85549e16938f1330046ffdaf48f6fc432a3419f,1000,2025-03-19 06:18:28.656494+00,
3,1,e8cabf815089af9c901dc9f375a0e3b78bd3351b,1000,2025-03-19 06:18:28.656494+00,
3,1,e8e41da84fa7e0f4a77149ec6e4dd84e617aa1bb,1000,2025-03-19 06:18:28.656494+00,
3,1,e9090a75c5d06e0db588c610c8c5a9dd3bfc1bb9,1000,2025-03-19 06:18:28.656494+00,
3,1,e90b32866cf8c8815edf2c96f0b3ba7da2ed8b92,1000,2025-03-19 06:18:28.656494+00,
3,1,e95005e0c087a5331b0488b2a49b0cbfee132393,1000,2025-03-19 06:18:28.656494+00,
3,1,ea058f51214f9745bed49646300cb49fdcfe0cc6,1000,2025-03-19 06:18:28.656494+00,
3,1,ea531755eeaa4a304368023685909fa31abacc5f,1000,2025-03-19 06:18:28.656494+00,
3,1,eb3466547f80cc1a0900a6d3965157ce0e5548eb,1000,2025-03-19 06:18:28.656494+00,
3,1,eb518599b9025b8679ce91642def114845cb8e0b,1000,2025-03-19 06:18:28.656494+00,
3,1,eb8c9e96c54a78326b0e0c7de226c744ab73ad6b,1000,2025-03-19 06:18:28.656494+00,
3,1,ebb6d5c980b798783b7d4815fb4497d828370583,1000,2025-03-19 06:18:28.656494+00,
3,1,ebe6e9584e25ad0a6f481d781bc0b8688e53d283,1000,2025-03-19 06:18:28.656494+00,
3,1,ec2589b50cab7a8e3ebb345ee1ea6f382b8c0529,1000,2025-03-19 06:18:28.656494+00,
3,1,ec4745a6e3729febe4524a35fe1f348e0cac2472,1000,2025-03-19 06:18:28.656494+00,
3,1,ec6385e7c959fc5f5b6dc07f3740a791960a3e6e,1000,2025-03-19 06:18:28.656494+00,
3,1,ec7181d78d2b1361ee01a1e2be0961022837eb50,1000,2025-03-19 06:18:28.656494+00,
3,1,ec9022657968faf6f6336cb152db92fcfcdae729,1000,2025-03-19 06:18:28.656494+00,
3,1,ecb623dc4c551d7b7dc0c6e167fe522f72af1776,1000,2025-03-19 06:18:28.656494+00,
3,1,ecfe0d157caac9c984095f578f43378f0775c2d1,1000,2025-03-19 06:18:28.656494+00,
3,1,ed30bae958aa1c8e1c638b78580886fc57dd5a4c,1000,2025-03-19 06:18:28.656494+00,
3,1,ed7c8af3599a504d44498be3dd305110b9776d41,1000,2025-03-19 06:18:28.656494+00,
3,1,ed9cbeda54207ec854bc17140c8778ba1ae22b6b,1000,2025-03-19 06:18:28.656494+00,
3,1,edc142bef5680ec12408799ba8f244efbfe37ee6,1000,2025-03-19 06:18:28.656494+00,
3,1,ee15ccb8b4717ad18a179dd5746c47bc858b25cd,1000,2025-03-19 06:18:28.656494+00,
3,1,ee423b16555ef186eb300522a7d13d044327fd7b,1000,2025-03-19 06:18:28.656494+00,
3,1,ee47aa7aaa23ee5fcb1d66e222464a710da56338,1000,2025-03-19 06:18:28.656494+00,
3,1,eecd13be6aeb1fc3565e9e7737486eaaed988269,1000,2025-03-19 06:18:28.656494+00,
3,1,ef0edc932b747017806fa8b0bcdf74c9b2a38642,1000,2025-03-19 06:18:28.656494+00,
3,1,ef14602f115b2e74b613f5be4a83ca6ffecb9630,1000,2025-03-19 06:18:28.656494+00,
3,1,ef597c181610cff2baac5b4fc03caea5ee84e87a,1000,2025-03-19 06:18:28.656494+00,
3,1,ef7c7674f438291a25df248272ba296263ae84bb,1000,2025-03-19 06:18:28.656494+00,
3,1,efaae7e51859970ba3f3463e5d30ff86524a9fae,1000,2025-03-19 06:18:28.656494+00,
3,1,efb974ce035db0d271ff65f1be0c508c4dc0e742,1000,2025-03-19 06:18:28.656494+00,
3,1,efec55c23eee642dbccb972c91e927e96a905daf,1000,2025-03-19 06:18:28.656494+00,
3,1,f035c142c03ad387af9f44e03e68c0c6a21dd7e4,1000,2025-03-19 06:18:28.656494+00,
3,1,f03a081b22b34856390cafd0de68c744e3af0a73,1000,2025-03-19 06:18:28.656494+00,
3,1,f0790a68402bcec54553a9fb87dedd663c14a490,1000,2025-03-19 06:18:28.656494+00,
3,1,f0917ef9a96a1bd6d0ed566633873c736438eabc,1000,2025-03-19 06:18:28.656494+00,
3,1,f0b37a95db699f1f98fcada53cc9c37641a65e5c,1000,2025-03-19 06:18:28.656494+00,
3,1,f0b57bed463a3831f7bab4b4c9bcc200360f2f08,1000,2025-03-19 06:18:28.656494+00,
3,1,f0bde41e1f205848f4d7de7aab59c0eeaf46e0db,1000,2025-03-19 06:18:28.656494+00,
3,1,f0faf163efdb9adb291371418be433f4b729a6c1,1000,2025-03-19 06:18:28.656494+00,
3,1,f12d1df11356e545d4cd5e98a0baf6172d50cc9e,1000,2025-03-19 06:18:28.656494+00,
3,1,f16902378358337c744a48d94d319aacfc4662ed,1000,2025-03-19 06:18:28.656494+00,
3,1,f1697ff0a2691a1cf96860bb198caedcbc0939e9,1000,2025-03-19 06:18:28.656494+00,
3,1,f1a005c01e683dbcab9a306d5cc70d5e57fccfa9,1000,2025-03-19 06:18:28.656494+00,
3,1,f1d6c1d7cb2f3cd3d6dc631d7a84e763f6f43094,1000,2025-03-19 06:18:28.656494+00,
3,1,f1f25484dd3c3fdfa022e23d61299de020f07013,1000,2025-03-19 06:18:28.656494+00,
3,1,f2a76f92a75efdd672fe62cca4ceeae2baa2d034,1000,2025-03-19 06:18:28.656494+00,
3,1,f2c84def61f15c0e0bfd81c2ac7cb105152873b2,1000,2025-03-19 06:18:28.656494+00,
3,1,f300845b99460f321d335a14e1226ce3e61655db,1000,2025-03-19 06:18:28.656494+00,
3,1,f390e391c9cbd29704e5ecf4e04c9f351b5f0e53,1000,2025-03-19 06:18:28.656494+00,
3,1,f3eb8bf63b12938645e93f45529231a68679dbe9,1000,2025-03-19 06:18:28.656494+00,
3,1,f4222adb58561abb8dd7486fc4ca589fc9ed230f,1000,2025-03-19 06:18:28.656494+00,
3,1,f460bf4d7f97cdd75e164187ba3b27eb49c76d30,1000,2025-03-19 06:18:28.656494+00,
3,1,f54bc5fd567d62ea8e6ee5282dbe2a8354f72937,1000,2025-03-19 06:18:28.656494+00,
3,1,f56b360b0ebf571dad1a0f9669ce51adc07027ab,1000,2025-03-19 06:18:28.656494+00,
3,1,f5a39ae8be335cfa7913d3155ad4682242188bdb,1000,2025-03-19 06:18:28.656494+00,
3,1,f5ef6f20cd810cec5ce744f4ec2d0376b4be252c,1000,2025-03-19 06:18:28.656494+00,
3,1,f623b48e0aa1acc8bbb7ba5d8b6611414475b0bd,1000,2025-03-19 06:18:28.656494+00,
3,1,f62948b6675f5333c45616872ea188dca266e4e4,1000,2025-03-19 06:18:28.656494+00,
3,1,f637375f78c08298f7580f1d7e7d81185e699b9c,1000,2025-03-19 06:18:28.656494+00,
3,1,f697896598ae95e5901b3bfc94c956fdc16ab7b0,1000,2025-03-19 06:18:28.656494+00,
3,1,f720da1e4859ec71cb82debb535558d28af494dd,1000,2025-03-19 06:18:28.656494+00,
3,1,f734fdaf241095ac2a4b57f908d658db30ef347a,1000,2025-03-19 06:18:28.656494+00,
3,1,f744393f87a396d001e229d1d739b0f299d993c4,1000,2025-03-19 06:18:28.656494+00,
3,1,f7842a517f2bc21a9f9fee062801b00c0fbf3f4b,1000,2025-03-19 06:18:28.656494+00,
3,1,f7d873ba8b7381adf4dd7ca97c920049b8364791,1000,2025-03-19 06:18:28.656494+00,
3,1,f80a94c82aa42eaea7fd2eca92d9ff6dc60c2a49,1000,2025-03-19 06:18:28.656494+00,
3,1,f80eaa9d8a11142dc0617b000a0e710b52ccb081,1000,2025-03-19 06:18:28.656494+00,
3,1,f86881a2a01fc155772083ec8c55b56a710b53ab,1000,2025-03-19 06:18:28.656494+00,
3,1,f95a393d3d5e7a1206a9a3ef2abff8781120a7a7,1000,2025-03-19 06:18:28.656494+00,
3,1,f95f43116a41c819d4175cd3e51d51553d25dedf,1000,2025-03-19 06:18:28.656494+00,
3,1,f96d67dc290fce628d5e0362725e1f660fdcfef4,1000,2025-03-19 06:18:28.656494+00,
3,1,f9946043f5313fee4854adece3937770978f4aca,1000,2025-03-19 06:18:28.656494+00,
3,1,f9cd29951b3addce2a926955ef22a846fd8b1d06,1000,2025-03-19 06:18:28.656494+00,
3,1,fa4f5b4bc6e99e66bff153065bd4554f44fb8dfe,1000,2025-03-19 06:18:28.656494+00,
3,1,fbe66aa4b68648144afe949de362845e5ad07060,1000,2025-03-19 06:18:28.656494+00,
3,1,fc267f569f2d8967070c0a9602d671935ffd459a,1000,2025-03-19 06:18:28.656494+00,
3,1,fcac74eb215868d1bb72540435bf72ef39f4c46c,1000,2025-03-19 06:18:28.656494+00,
3,1,fcbc96b15c1aac0ebd1b45a7a2e7a91c2f974513,1000,2025-03-19 06:18:28.656494+00,
3,1,fcbe3973a004999354441ee2f26cad40c5b8f6c6,1000,2025-03-19 06:18:28.656494+00,
3,1,fcd7d0bd0643bfe9c8e6a2b9b99eb6b660862ec0,1000,2025-03-19 06:18:28.656494+00,
3,1,fcf38a274b2567a06b9ec6c797dc57c68287c6dc,1000,2025-03-19 06:18:28.656494+00,
3,1,fd6215710b364d74a6f11002b51e055096dd2f36,1000,2025-03-19 06:18:28.656494+00,
3,1,fdc03971e0af850de9c0ea68829f904cd60ae084,1000,2025-03-19 06:18:28.656494+00,
3,1,fe1f732ed4b81084319521da9a36a783027139bd,1000,2025-03-19 06:18:28.656494+00,
3,1,fe2ab1a9464d49620085c343d348b59341d877c3,1000,2025-03-19 06:18:28.656494+00,
3,1,fe592c0372f167a9b481c1c1325c032184aacc20,1000,2025-03-19 06:18:28.656494+00,
3,1,fec28f76d33d8e0ab2a606794253c82e68fe4230,1000,2025-03-19 06:18:28.656494+00,
3,1,fec995c35a4cbdeb45844d032bd95608c47f344d,1000,2025-03-19 06:18:28.656494+00,
3,1,ff08107442cd409f3307d0f448fb98a1a7b290a0,1000,2025-03-19 06:18:28.656494+00,
3,1,ff307f3d2337b3e88a6e7c210a738161fc1d3f25,1000,2025-03-19 06:18:28.656494+00,
3,1,ffb92db64dea87462910f7c6350da69b4d8f4e4c,1000,2025-03-19 06:18:28.656494+00,
3,1,fff36e5c0e59a469fd025799b526ef5d7e2fb3a9,1000,2025-03-19 06:18:28.656494+00,